id,repository_name,date(YYY-MM-DDThh-mm-ss),run_time(second),count_files,loc
hishamhm/htop,hishamhm/htop,2023-11-21T21-12-19,12.02429617200005,164,20356
hlldz/Phant0m,hlldz/Phant0m,2023-11-21T21-12-31,0.4134214719999818,8,1288
hmgle/graftcp,hmgle/graftcp,2023-11-21T21-12-31,0.7804765250000401,9,2608
hnes/libaco,hnes/libaco,2023-11-21T21-12-32,1.1766439230000287,12,2062
holzschu/a-shell,holzschu/a-shell,2023-11-21T21-12-33,99.3107948070001,1304,1225541
hpjansson/chafa,hpjansson/chafa,2023-11-21T21-14-13,10.535040826,122,61266
htacg/tidy-html5,htacg/tidy-html5,2023-11-21T21-14-23,5.541801299999975,70,60491
htop-dev/htop,htop-dev/htop,2023-11-21T21-14-29,27.591822176999926,264,40876
huangz1990/annotated_redis_source,huangz1990/annotated_redis_source,2023-11-21T21-14-56,19.803468987000088,230,90793
huggingface/neuralcoref,huggingface/neuralcoref,2023-11-21T21-15-16,1.576751075000061,27,7830
hydradatabase/hydra,hydradatabase/hydra,2023-11-21T21-15-18,11.007827240000095,195,49201
HyperDbg/HyperDbg,HyperDbg/HyperDbg,2023-11-21T21-15-29,14.525422432000028,284,93567
hzqst/VmwareHardenedLoader,hzqst/VmwareHardenedLoader,2023-11-21T21-15-43,12.98327386899996,186,74837
IAIK/meltdown,IAIK/meltdown,2023-11-21T21-15-56,0.882464777999985,10,1143
IanHarvey/bluepy,IanHarvey/bluepy,2023-11-21T21-15-57,4.678044646999979,70,34312
ibireme/yyjson,ibireme/yyjson,2023-11-21T21-16-02,2.5625354430000016,23,36402
icholy/ttygif,icholy/ttygif,2023-11-21T21-16-04,0.5791856890000417,8,735
id-Software/DOOM,id-Software/DOOM,2023-11-21T21-16-05,9.451964984000028,132,56666
id-Software/Quake-2,id-Software/Quake-2,2023-11-21T21-16-14,29.87831134800001,264,174070
id-Software/Quake-III-Arena,id-Software/Quake-III-Arena,2023-11-21T21-16-44,72.12290561400005,756,414007
id-Software/quake2-rerelease-dll,id-Software/quake2-rerelease-dll,2023-11-21T21-17-56,33.430082301000084,329,220511
igraph/igraph,igraph/igraph,2023-11-21T21-18-30,100.92980591200012,1637,412248
iliasam/OpenSimpleLidar,iliasam/OpenSimpleLidar,2023-11-21T21-20-11,10.799212077999982,190,120941
ImageMagick/ImageMagick,ImageMagick/ImageMagick,2023-11-21T21-20-22,32.4183578589998,647,527209
imbushuo/mac-precision-touchpad,imbushuo/mac-precision-touchpad,2023-11-21T21-20-54,3.8239509560000897,74,13755
immortalwrt/immortalwrt,immortalwrt/immortalwrt,2023-11-21T21-20-58,49.14233649800008,732,343198
ImVexed/muon,ImVexed/muon,2023-11-21T21-21-47,0.8209904310001548,14,3385
iNavFlight/inav,iNavFlight/inav,2023-11-21T21-21-48,142.80954753800006,2679,2035334
inspektor-gadget/inspektor-gadget,inspektor-gadget/inspektor-gadget,2023-11-21T21-24-11,6.476725509000062,93,291434
IoLanguage/io,IoLanguage/io,2023-11-21T21-24-17,20.385141384000008,232,59864
ionescu007/SimpleVisor,ionescu007/SimpleVisor,2023-11-21T21-24-37,0.558362537999983,11,3394
iovisor/bcc,iovisor/bcc,2023-11-21T21-24-38,22.77809916799993,273,860026
iPlug2/iPlug2,iPlug2/iPlug2,2023-11-21T21-25-01,43.74319778900008,616,306289
iqiyi/xHook,iqiyi/xHook,2023-11-21T21-25-44,1.4725871110001665,21,3894
ireader/media-server,ireader/media-server,2023-11-21T21-25-46,27.402977930999896,439,70563
isometimes/rpi4-osdev,isometimes/rpi4-osdev,2023-11-21T21-26-13,10.28838265599984,212,28736
ithewei/libhv,ithewei/libhv,2023-11-21T21-26-24,14.206914851999954,202,42863
itm4n/PrintSpoofer,itm4n/PrintSpoofer,2023-11-21T21-26-38,0.3132243469999594,4,8738
ivmai/bdwgc,ivmai/bdwgc,2023-11-21T21-26-38,6.250840598999957,101,56815
jacksonliam/mjpg-streamer,jacksonliam/mjpg-streamer,2023-11-21T21-26-44,11.071801639000114,117,44139
jakehilborn/displayplacer,jakehilborn/displayplacer,2023-11-21T21-26-55,0.7211801449998347,12,1490
jarikomppa/soloud,jarikomppa/soloud,2023-11-21T21-26-56,7.296711511000012,79,167438
jart/blink,jart/blink,2023-11-21T21-27-04,22.23446454300006,351,94108
jart/cosmopolitan,jart/cosmopolitan,2023-11-21T21-27-26,312.6829401310001,6302,1942783
jarun/nnn,jarun/nnn,2023-11-21T21-32-38,2.0959422740002083,10,14163
jbush001/NyuziProcessor,jbush001/NyuziProcessor,2023-11-21T21-32-41,22.46106794299999,348,121129
jdah/minecraft-weekend,jdah/minecraft-weekend,2023-11-21T21-33-03,13.591296135999984,116,41267
jech/polipo,jech/polipo,2023-11-21T21-33-17,5.852893605999952,54,24977
jedisct1/dsvpn,jedisct1/dsvpn,2023-11-21T21-33-22,0.4862953100000595,6,1639
jedisct1/libsodium,jedisct1/libsodium,2023-11-21T21-33-23,22.886723404999884,351,58427
jemalloc/jemalloc,jemalloc/jemalloc,2023-11-21T21-33-46,16.614997400999982,348,83578
jeremycw/httpserver.h,jeremycw/httpserver.h,2023-11-21T21-34-02,2.2197059659999923,31,8323
jerryscript-project/iotjs,jerryscript-project/iotjs,2023-11-21T21-34-05,8.589943371000118,155,26033
jerryscript-project/jerryscript,jerryscript-project/jerryscript,2023-11-21T21-34-13,34.914864666000085,595,189368
jgaeddert/liquid-dsp,jgaeddert/liquid-dsp,2023-11-21T21-34-48,79.55860057900009,921,178340
jgamblin/Mirai-Source-Code,jgamblin/Mirai-Source-Code,2023-11-21T21-36-08,3.713849131000188,41,9872
jgarff/rpi_ws281x,jgarff/rpi_ws281x,2023-11-21T21-36-11,1.0405480629997328,15,3801
jhawthorn/fzy,jhawthorn/fzy,2023-11-21T21-36-12,1.9993967519999387,27,4666
jjgod/mac-dictionary-kit,jjgod/mac-dictionary-kit,2023-11-21T21-36-14,3.0978805880004074,68,8978
jmcnamara/libxlsxwriter,jmcnamara/libxlsxwriter,2023-11-21T21-36-18,62.308524731000034,1073,111669
joan2937/pigpio,joan2937/pigpio,2023-11-21T21-37-20,3.3498110629998337,30,38540
JoeDog/siege,JoeDog/siege,2023-11-21T21-37-23,5.9061135500001,76,18443
johnxnguyen/Down,johnxnguyen/Down,2023-11-21T21-37-29,3.388464603000102,36,21881
jonas/tig,jonas/tig,2023-11-21T21-37-33,6.94145342999991,91,43970
jonasmr/microprofile,jonasmr/microprofile,2023-11-21T21-37-39,4.120628680999744,31,80821
joncampbell123/dosbox-x,joncampbell123/dosbox-x,2023-11-21T21-37-44,265.3455026060001,3710,1833669
jonls/redshift,jonls/redshift,2023-11-21T21-42-09,2.9049963229999776,35,6364
jordansissel/xdotool,jordansissel/xdotool,2023-11-21T21-42-12,5.854367144000207,54,8296
joyent/libuv,joyent/libuv,2023-11-21T21-42-18,19.869383556999765,240,71784
jp9000/OBS,jp9000/OBS,2023-11-21T21-42-38,30.130397844000072,325,479672
jpmens/jo,jpmens/jo,2023-11-21T21-43-08,0.9816962590002732,5,2562
jqlang/jq,jqlang/jq,2023-11-21T21-43-09,7.254083909000201,75,46360
jtesta/ssh-mitm,jtesta/ssh-mitm,2023-11-21T21-43-16,108.25801639199972,1431,560558
juhovh/shairplay,juhovh/shairplay,2023-11-21T21-45-04,8.57829809399982,104,23856
julius-speech/julius,julius-speech/julius,2023-11-21T21-45-13,39.729638938000335,630,285345
julycoding/The-Art-Of-Programming-By-July-2nd,julycoding/The-Art-Of-Programming-By-July-2nd,2023-11-21T21-45-52,2.0671721280000384,36,5263
justinfrankel/licecap,justinfrankel/licecap,2023-11-21T21-45-55,26.18371394599989,307,188679
justinsteven/dostackbufferoverflowgood,justinsteven/dostackbufferoverflowgood,2023-11-21T21-46-21,0.8027555550002035,5,213
jvm-profiling-tools/perf-map-agent,jvm-profiling-tools/perf-map-agent,2023-11-21T21-46-22,0.214985648000038,3,444
karlstav/cava,karlstav/cava,2023-11-21T21-46-22,2.7976164780002364,41,6016
karpathy/llama2.c,karpathy/llama2.c,2023-11-21T21-46-25,0.5653388860000632,5,2398
kiddin9/openwrt-packages,kiddin9/openwrt-packages,2023-11-21T21-46-25,40.26331451900023,513,285493
kingToolbox/WindTerm,kingToolbox/WindTerm,2023-11-21T21-47-05,20.903831119000188,331,175939
kiukotsu/ucore,kiukotsu/ucore,2023-11-21T21-47-26,77.25357046499994,1420,154466
kkos/oniguruma,kkos/oniguruma,2023-11-21T21-48-44,8.304300481000155,94,101405
klange/toaruos,klange/toaruos,2023-11-21T21-48-52,40.66628764500001,621,133465
kn007/silk-v3-decoder,kn007/silk-v3-decoder,2023-11-21T21-49-33,10.451538922999587,141,25635
koekeishiya/skhd,koekeishiya/skhd,2023-11-21T21-49-43,1.963433127999906,23,3422
koekeishiya/yabai,koekeishiya/yabai,2023-11-21T21-49-45,2.643650715999684,44,13539
kohler/gifsicle,kohler/gifsicle,2023-11-21T21-49-48,2.0087941480001064,26,20568
kokke/tiny-AES-c,kokke/tiny-AES-c,2023-11-21T21-49-50,0.2261866720000398,3,979
kornelski/pngquant,kornelski/pngquant,2023-11-21T21-49-50,0.5634117250001509,7,1949
kosua20/herebedragons,kosua20/herebedragons,2023-11-21T21-49-50,25.655018130999903,155,164971
krakjoe/parallel,krakjoe/parallel,2023-11-21T21-50-16,2.567353473000366,40,7790
krakjoe/pthreads,krakjoe/pthreads,2023-11-21T21-50-19,1.54004014200018,30,8526
krallin/tini,krallin/tini,2023-11-21T21-50-20,0.3446428440001909,3,805
kripken/box2d.js,kripken/box2d.js,2023-11-21T21-50-20,20.62961658699988,308,133816
lambertjamesd/portal64,lambertjamesd/portal64,2023-11-21T21-50-41,19.820405041999948,339,42900
landley/toybox,landley/toybox,2023-11-21T21-51-01,17.027356115000202,296,85185
langhuihui/jessibuca,langhuihui/jessibuca,2023-11-21T21-51-18,4.164988504999656,67,29406
0x90/wifi-arsenal,0x90/wifi-arsenal,2023-11-21T21-11-40,9.022235461000037,133,40046
504ensicsLabs/LiME,504ensicsLabs/LiME,2023-11-21T21-11-49,0.3146494239999811,6,1083
abishekvashok/cmatrix,abishekvashok/cmatrix,2023-11-21T21-11-50,0.1254611100000602,1,894
acassen/keepalived,acassen/keepalived,2023-11-21T21-11-50,14.237356961999922,195,89934
acidanthera/Lilu,acidanthera/Lilu,2023-11-21T21-12-04,10.448153207000018,152,154576
acidanthera/OpenCorePkg,acidanthera/OpenCorePkg,2023-11-21T21-12-15,42.8264163020001,882,366069
adafruit/Adafruit-GFX-Library,adafruit/Adafruit-GFX-Library,2023-11-21T21-12-57,2.8325771260000465,60,22542
AdAway/AdAway,AdAway/AdAway,2023-11-21T21-13-00,35.945085382,408,183565
addy-dclxvi/almighty-dotfiles,addy-dclxvi/almighty-dotfiles,2023-11-21T21-13-36,0.0165313800000603,0,0
adrianlopezroche/fdupes,adrianlopezroche/fdupes,2023-11-21T21-13-36,3.827097995000031,53,8766
adsr/phpspy,adsr/phpspy,2023-11-21T21-13-40,1.9736411810000616,19,5426
aergoio/litetree,aergoio/litetree,2023-11-21T21-13-42,2.953401624999969,4,257472
ahrm/sioyek,ahrm/sioyek,2023-11-21T21-13-45,5.46476971300001,33,275237
Airblader/i3,Airblader/i3,2023-11-21T21-13-50,8.909117443000014,137,35916
akheron/jansson,akheron/jansson,2023-11-21T21-13-59,3.619947187999969,42,11448
akopytov/sysbench,akopytov/sysbench,2023-11-21T21-14-03,42.83461059900003,432,142517
albfan/miraclecast,albfan/miraclecast,2023-11-21T21-14-46,4.873843781000005,47,28006
Aleksoid1978/MPC-BE,Aleksoid1978/MPC-BE,2023-11-21T21-14-51,203.581162091,2643,929010
alephsecurity/xnu-qemu-arm64,alephsecurity/xnu-qemu-arm64,2023-11-21T21-18-14,257.393783013,4501,1947763
AlexAltea/orbital,AlexAltea/orbital,2023-11-21T21-22-32,4.911313392000011,94,94172
alexdobin/STAR,alexdobin/STAR,2023-11-21T21-22-37,17.920251253999822,167,77918
alibaba/GCanvas,alibaba/GCanvas,2023-11-21T21-22-54,13.068294340999955,277,99235
alibaba/tengine,alibaba/tengine,2023-11-21T21-23-08,33.0418468580001,590,338979
alibaba/xquic,alibaba/xquic,2023-11-21T21-23-41,13.786884521000047,263,85449
AllAlgorithms/c,AllAlgorithms/c,2023-11-21T21-23-54,9.407496880000052,148,11536
allinurl/goaccess,allinurl/goaccess,2023-11-21T21-24-04,8.035593638000137,72,37482
alols/xcape,alols/xcape,2023-11-21T21-24-12,0.1128187079998497,1,594
altdesktop/playerctl,altdesktop/playerctl,2023-11-21T21-24-12,0.7905678879999414,14,7048
AltraMayor/f3,AltraMayor/f3,2023-11-21T21-24-13,1.4124655769999208,16,5714
amadvance/snapraid,amadvance/snapraid,2023-11-21T21-24-14,8.76951953300022,90,63101
amnezia-vpn/amnezia-client,amnezia-vpn/amnezia-client,2023-11-21T21-24-23,65.20038065599988,1191,204048
andlabs/libui,andlabs/libui,2023-11-21T21-25-28,13.368341999999984,141,23480
andmarti1424/sc-im,andmarti1424/sc-im,2023-11-21T21-25-41,9.52392818699991,105,33111
andrewrk/libsoundio,andrewrk/libsoundio,2023-11-21T21-25-51,2.9694282929999645,35,15293
ands/lightmapper,ands/lightmapper,2023-11-21T21-25-54,0.2350267389999771,2,2318
answer-huang/dSYMTools,answer-huang/dSYMTools,2023-11-21T21-25-54,0.6387847319999764,10,2720
antirez/dump1090,antirez/dump1090,2023-11-21T21-25-55,0.3968806029999996,3,3100
antirez/hping,antirez/hping,2023-11-21T21-25-55,5.923313989999997,73,15151
antirez/kilo,antirez/kilo,2023-11-21T21-26-01,0.1266787419999673,1,1308
antirez/linenoise,antirez/linenoise,2023-11-21T21-26-01,0.2585115490001044,3,1585
antirez/neural-redis,antirez/neural-redis,2023-11-21T21-26-02,1.149071941999864,7,2920
antirez/sds,antirez/sds,2023-11-21T21-26-03,0.3766116150000016,4,1701
antirez/smallchat,antirez/smallchat,2023-11-21T21-26-03,0.3145463850000851,4,706
apache/age,apache/age,2023-11-21T21-26-03,4.76754228499999,98,48194
apache/guacamole-server,apache/guacamole-server,2023-11-21T21-26-08,29.25951976800002,470,91470
apple/cups,apple/cups,2023-11-21T21-26-37,26.903684398,276,245628
apple/darwin-xnu,apple/darwin-xnu,2023-11-21T21-27-04,171.57297767700015,2937,1632389
apple/HomeKitADK,apple/HomeKitADK,2023-11-21T21-29-56,22.363974838999862,282,82199
archagon/sensible-side-buttons,archagon/sensible-side-buttons,2023-11-21T21-30-18,0.2307691450000675,5,866
ardagnir/athame,ardagnir/athame,2023-11-21T21-30-18,0.4140046009999878,5,2114
ardera/flutter-pi,ardera/flutter-pi,2023-11-21T21-30-19,9.749812669999985,92,41800
arjun024/mkernel,arjun024/mkernel,2023-11-21T21-30-29,0.0458614449999004,1,40
arkdb/inception,arkdb/inception,2023-11-21T21-30-29,51.83298552399992,759,571526
armink/EasyFlash,armink/EasyFlash,2023-11-21T21-31-21,27.49058641300008,523,353527
armink/EasyLogger,armink/EasyLogger,2023-11-21T21-31-48,23.518161168999995,423,327553
armink/FreeModbus_Slave-Master-RTT-STM32,armink/FreeModbus_Slave-Master-RTT-STM32,2023-11-21T21-32-12,24.57380918800004,479,174670
arut/nginx-rtmp-module,arut/nginx-rtmp-module,2023-11-21T21-32-36,4.820709822000026,51,31527
ashima/webgl-noise,ashima/webgl-noise,2023-11-21T21-32-41,0.7189276490000793,6,19205
atar-axis/xpadneo,atar-axis/xpadneo,2023-11-21T21-32-42,0.420956108999917,7,1818
atc1441/ATC_MiThermometer,atc1441/ATC_MiThermometer,2023-11-21T21-32-42,0.8793805650000195,18,1344
attractivechaos/klib,attractivechaos/klib,2023-11-21T21-32-43,4.79017821399998,64,12407
audacity/audacity,audacity/audacity,2023-11-21T21-32-48,99.38273697299996,1619,581702
Awesome-HarmonyOS/HarmonyOS,Awesome-HarmonyOS/HarmonyOS,2023-11-21T21-34-27,74.82995430900019,1347,808437
aws/amazon-freertos,aws/amazon-freertos,2023-11-21T21-35-42,380.857966043,7289,3835780
axboe/fio,axboe/fio,2023-11-21T21-42-03,40.90277389999983,365,106770
axboe/liburing,axboe/liburing,2023-11-21T21-42-44,19.61337645499998,201,47310
axel-download-accelerator/axel,axel-download-accelerator/axel,2023-11-21T21-43-03,2.700766987999941,32,5714
B-Con/crypto-algorithms,B-Con/crypto-algorithms,2023-11-21T21-43-06,1.8467208129995925,30,3673
b4winckler/macvim,b4winckler/macvim,2023-11-21T21-43-08,21.34908880999956,230,417771
baidu/dperf,baidu/dperf,2023-11-21T21-43-29,7.4675115929999265,72,13021
bake-bake-bake/bakeware,bake-bake-bake/bakeware,2023-11-21T21-43-37,3.4647405850000723,43,14769
basil00/Divert,basil00/Divert,2023-11-21T21-43-40,1.357673257999977,17,19339
baskerville/bspwm,baskerville/bspwm,2023-11-21T21-43-42,3.415536417000112,44,14744
baskerville/sxhkd,baskerville/sxhkd,2023-11-21T21-43-45,0.7846538740000142,11,4119
beanstalkd/beanstalkd,beanstalkd/beanstalkd,2023-11-21T21-43-46,2.379678424999838,27,9350
begeekmyfriend/bplustree,begeekmyfriend/bplustree,2023-11-21T21-43-48,0.3389194650003446,4,1758
begeekmyfriend/yasea,begeekmyfriend/yasea,2023-11-21T21-43-48,15.785996337000142,172,93025
betaflight/betaflight,betaflight/betaflight,2023-11-21T21-44-04,176.63201992099994,3172,2841063
bilibili/ijkplayer,bilibili/ijkplayer,2023-11-21T21-47-01,16.121470298000077,251,43237
bingoogolapple/BGAQRCode-Android,bingoogolapple/BGAQRCode-Android,2023-11-21T21-47-17,41.45237443699989,462,172169
bitnine-oss/agensgraph,bitnine-oss/agensgraph,2023-11-21T21-47-58,116.706627131,2089,1380925
blackmagic-debug/blackmagic,blackmagic-debug/blackmagic,2023-11-21T21-49-55,13.679060076000042,246,62510
blinker-iot/blinker-nRF52,blinker-iot/blinker-nRF52,2023-11-21T21-50-09,1.038164354999935,14,15820
bol-van/zapret,bol-van/zapret,2023-11-21T21-50-10,7.160763647000294,76,20849
bootchk/resynthesizer,bootchk/resynthesizer,2023-11-21T21-50-17,2.297749210999882,41,7554
bootleg/ret-sync,bootleg/ret-sync,2023-11-21T21-50-19,1.4416214480002054,23,11778
brendan-rius/c-jwt-cracker,brendan-rius/c-jwt-cracker,2023-11-21T21-50-21,0.1924890079999386,3,579
brunodev85/winlator,brunodev85/winlator,2023-11-21T21-50-21,0.2638581420001173,3,727
buaazp/zimg,buaazp/zimg,2023-11-21T21-50-21,3.770262994999939,42,16983
Bumblebee-Project/Bumblebee,Bumblebee-Project/Bumblebee,2023-11-21T21-50-25,1.739136081000197,24,4335
bytecode77/r77-rootkit,bytecode77/r77-rootkit,2023-11-21T21-50-27,1.7683959780001717,35,6519
bytedance/bhook,bytedance/bhook,2023-11-21T21-50-28,3.988097063000168,51,13753
bztsrc/raspi3-tutorial,bztsrc/raspi3-tutorial,2023-11-21T21-50-32,8.011896607999915,166,14390
c-ares/c-ares,c-ares/c-ares,2023-11-21T21-50-40,10.187697601000307,117,68896
c9s/Pux,c9s/Pux,2023-11-21T21-50-51,1.4533107960000962,22,11155
CameraKit/camerakit-android,CameraKit/camerakit-android,2023-11-21T21-50-52,1.20178355500002,23,6534
canonical/dqlite,canonical/dqlite,2023-11-21T21-50-53,13.5280887240001,131,34513
capstone-engine/capstone,capstone-engine/capstone,2023-11-21T21-51-07,15.184772707999857,213,80699
cbsheng/tinyhttpd,cbsheng/tinyhttpd,2023-11-21T21-51-22,0.3009684710000329,2,647
cc65/cc65,cc65/cc65,2023-11-21T21-51-22,71.26620866899975,1247,251867
cesanta/mjs,cesanta/mjs,2023-11-21T21-12-05,11.563609072000077,154,53111
cesanta/mongoose,cesanta/mongoose,2023-11-21T21-12-17,129.29023942899994,2299,1603109
cesanta/v7,cesanta/v7,2023-11-21T21-14-26,4.149618584999985,31,44396
cgdb/cgdb,cgdb/cgdb,2023-11-21T21-14-30,3.1751093509999464,48,22581
checkpoint-restore/criu,checkpoint-restore/criu,2023-11-21T21-14-33,81.89479889199993,1124,178794
checkra1n/PongoOS,checkra1n/PongoOS,2023-11-21T21-15-55,9.127580111000045,164,52888
chenyahui/AnnotatedCode,chenyahui/AnnotatedCode,2023-11-21T21-16-04,41.615942572,523,222651
chjj/compton,chjj/compton,2023-11-21T21-16-46,1.7427862749999576,11,17024
chobits/ngx_http_proxy_connect_module,chobits/ngx_http_proxy_connect_module,2023-11-21T21-16-48,0.0904430220000449,1,2386
chocolate-doom/chocolate-doom,chocolate-doom/chocolate-doom,2023-11-21T21-16-48,44.192509633999975,568,316981
ChristopheJacquet/PiFmRds,ChristopheJacquet/PiFmRds,2023-11-21T21-17-32,0.8869178470000634,12,1754
cilium/pwru,cilium/pwru,2023-11-21T21-17-33,14.72826464500008,175,308774
Cisco-Talos/clamav,Cisco-Talos/clamav,2023-11-21T21-17-48,55.34534063600006,591,249483
citusdata/cstore_fdw,citusdata/cstore_fdw,2023-11-21T21-18-43,0.4457382510001935,8,6049
citusdata/pg_cron,citusdata/pg_cron,2023-11-21T21-18-43,0.6603925760000493,12,5570
civetweb/civetweb,civetweb/civetweb,2023-11-21T21-18-44,86.69910192800012,602,953298
cjdelisle/cjdns,cjdelisle/cjdns,2023-11-21T21-20-11,54.51621957800012,957,138762
cleanflight/cleanflight,cleanflight/cleanflight,2023-11-21T21-21-05,169.87799864499993,3280,2834608
clibs/clib,clibs/clib,2023-11-21T21-23-55,8.111084425999934,130,27467
cloudius-systems/osv,cloudius-systems/osv,2023-11-21T21-24-03,65.28663389500002,1118,320015
cloudwu/coroutine,cloudwu/coroutine,2023-11-21T21-25-09,0.2218044190001364,3,256
cloudwu/pbc,cloudwu/pbc,2023-11-21T21-25-09,2.679949254000121,37,8260
cnlohr/espusb,cnlohr/espusb,2023-11-21T21-25-11,1.2342718699999295,26,3014
cnlohr/rawdrawandroid,cnlohr/rawdrawandroid,2023-11-21T21-25-13,0.495223291000002,6,2078
cockpit-project/cockpit,cockpit-project/cockpit,2023-11-21T21-25-13,17.56065016399998,280,98333
codeplea/tinyexpr,codeplea/tinyexpr,2023-11-21T21-25-31,0.7228022240001337,9,1964
cokemine/ServerStatus-Hotaru,cokemine/ServerStatus-Hotaru,2023-11-21T21-25-31,0.7021027040000263,11,5531
commaai/panda,commaai/panda,2023-11-21T21-25-32,12.679761776000078,196,109792
concurrencykit/ck,concurrencykit/ck,2023-11-21T21-25-45,20.853296477999947,250,47106
confluentinc/librdkafka,confluentinc/librdkafka,2023-11-21T21-26-06,53.0766698829998,335,212333
conorpp/u2f-zero,conorpp/u2f-zero,2023-11-21T21-26-59,2.4058521229999315,42,13893
contiki-os/contiki,contiki-os/contiki,2023-11-21T21-27-01,150.72604189699996,2823,608807
coolsnowwolf/lede,coolsnowwolf/lede,2023-11-21T21-29-32,152.40588937799998,2544,2072438
cossacklabs/themis,cossacklabs/themis,2023-11-21T21-32-04,16.13502358300002,283,46463
coturn/coturn,coturn/coturn,2023-11-21T21-32-20,7.075860757999863,83,53303
cpq/bare-metal-programming-guide,cpq/bare-metal-programming-guide,2023-11-21T21-32-28,7.660103143000015,85,68819
cr-marcstevens/sha1collisiondetection,cr-marcstevens/sha1collisiondetection,2023-11-21T21-32-35,0.4571596980001686,5,2560
CTCaer/hekate,CTCaer/hekate,2023-11-21T21-32-36,24.43527551299985,379,149278
CTurt/FreeDVDBoot,CTurt/FreeDVDBoot,2023-11-21T21-33-00,0.37238112,4,779
cuber/ngx_http_google_filter_module,cuber/ngx_http_google_filter_module,2023-11-21T21-33-00,0.4766448919999675,10,1705
cundong/SmartAppUpdates,cundong/SmartAppUpdates,2023-11-21T21-33-01,2.661020820999965,28,15531
curl/curl,curl/curl,2023-11-21T21-33-04,54.01067262599986,850,251026
curl/trurl,curl/trurl,2023-11-21T21-33-58,0.1672269560001495,2,1590
Cyan4973/xxHash,Cyan4973/xxHash,2023-11-21T21-33-58,6.347099362000108,40,62650
cyd01/KiTTY,cyd01/KiTTY,2023-11-21T21-34-04,54.925432593000096,596,330691
cyring/CoreFreq,cyring/CoreFreq,2023-11-21T21-34-59,10.520351641999923,26,99953
DanBloomberg/leptonica,DanBloomberg/leptonica,2023-11-21T21-35-10,55.996102226000176,521,320432
danielwaterworth/Raphters,danielwaterworth/Raphters,2023-11-21T21-36-06,0.6543608709998807,10,515
danigargu/CVE-2020-0796,danigargu/CVE-2020-0796,2023-11-21T21-36-06,0.1338625970001885,1,11488
DarkFlippers/unleashed-firmware,DarkFlippers/unleashed-firmware,2023-11-21T21-36-06,97.25006012999984,1723,656678
darktable-org/darktable,darktable-org/darktable,2023-11-21T21-37-44,53.38232357900006,755,449024
dav/word2vec,dav/word2vec,2023-11-21T21-38-37,0.6045064179998008,5,1477
Dav1dde/glad,Dav1dde/glad,2023-11-21T21-38-38,0.1726215730000149,3,567
davatorium/rofi,davatorium/rofi,2023-11-21T21-38-38,5.184223704000033,80,29338
DaveGamble/cJSON,DaveGamble/cJSON,2023-11-21T21-38-43,8.670915996000076,99,22149
dekuNukem/bob_cassette_rewinder,dekuNukem/bob_cassette_rewinder,2023-11-21T21-38-52,8.833333864999986,159,159624
dekuNukem/daytripper,dekuNukem/daytripper,2023-11-21T21-39-00,81.05252533000021,1453,1413806
dekuNukem/Nintendo_Switch_Reverse_Engineering,dekuNukem/Nintendo_Switch_Reverse_Engineering,2023-11-21T21-40-22,13.42745803700018,219,188030
derf/feh,derf/feh,2023-11-21T21-40-35,5.017604942000162,51,17429
destan19/OpenAppFilter,destan19/OpenAppFilter,2023-11-21T21-40-40,2.0736620450002192,26,6223
dgiese/dustcloud,dgiese/dustcloud,2023-11-21T21-40-42,2.199951177999992,20,13285
diracdeltas/FastestWebsiteEver,diracdeltas/FastestWebsiteEver,2023-11-21T21-40-44,0.1112498170000435,1,150
djkaty/Il2CppInspector,djkaty/Il2CppInspector,2023-11-21T21-40-44,18.85152658199968,119,11885373
djpohly/dwl,djpohly/dwl,2023-11-21T21-41-03,0.6136875080001118,5,3441
dlundquist/sniproxy,dlundquist/sniproxy,2023-11-21T21-41-04,3.157175500999984,39,7883
DNSPod/dnspod-sr,DNSPod/dnspod-sr,2023-11-21T21-41-07,3.632941788000153,27,9317
DoctorWkt/acwj,DoctorWkt/acwj,2023-11-21T21-41-11,434.3859013190004,8984,304824
dog-qiuqiu/MobileNet-Yolo,dog-qiuqiu/MobileNet-Yolo,2023-11-21T21-48-25,15.04153444900021,131,53898
dokan-dev/dokany,dokan-dev/dokany,2023-11-21T21-48-40,5.579550211999958,85,31668
DreamAndDead/CSAPP-3e-Solutions,DreamAndDead/CSAPP-3e-Solutions,2023-11-21T21-48-46,21.10724798499996,210,25153
dresden-elektronik/deconz-rest-plugin,dresden-elektronik/deconz-rest-plugin,2023-11-21T21-49-07,5.586258821999763,76,121777
droe/sslsplit,droe/sslsplit,2023-11-21T21-49-12,13.744612434999908,237,207456
dunst-project/dunst,dunst-project/dunst,2023-11-21T21-49-26,7.036799620999773,84,24831
dvorka/hstr,dvorka/hstr,2023-11-21T21-49-33,3.16395875399985,29,8078
DynamoRIO/drmemory,DynamoRIO/drmemory,2023-11-21T21-49-36,18.338657493000028,272,165195
DynamoRIO/dynamorio,DynamoRIO/dynamorio,2023-11-21T21-49-55,86.02717615300025,1078,670175
dynup/kpatch,dynup/kpatch,2023-11-21T21-51-21,2.7508597209998698,30,13868
earlephilhower/ESP8266Audio,earlephilhower/ESP8266Audio,2023-11-21T21-51-23,35.61024789699968,391,260736
EasyHook/EasyHook,EasyHook/EasyHook,2023-11-21T21-51-59,2.639897091999956,43,18630
eclipse/mraa,eclipse/mraa,2023-11-21T21-52-02,11.44179019100011,173,40745
eclipse/paho.mqtt.c,eclipse/paho.mqtt.c,2023-11-21T21-52-13,10.035374147999846,101,63394
edenhill/kcat,edenhill/kcat,2023-11-21T21-52-23,1.0146939940000266,14,5624
eggert/tz,eggert/tz,2023-11-21T21-52-24,1.0266656220001096,9,9913
ElementsProject/lightning,ElementsProject/lightning,2023-11-21T21-52-25,64.00103340399983,1163,293919
elfmz/far2l,elfmz/far2l,2023-11-21T21-53-29,41.87695504700014,535,223145
ellson/MOTHBALLED-graphviz,ellson/MOTHBALLED-graphviz,2023-11-21T21-54-11,93.75491225299992,1073,1122768
emscripten-core/emscripten,emscripten-core/emscripten,2023-11-21T21-55-45,299.23829275399976,5414,1259473
emsec/ChameleonMini,emsec/ChameleonMini,2023-11-21T22-00-44,69.81516511400014,932,175965
emweb/wt,emweb/wt,2023-11-21T22-01-54,30.38593319100028,631,391234
endrazine/wcc,endrazine/wcc,2023-11-21T22-02-24,7.381854170999759,103,39948
eradman/entr,eradman/entr,2023-11-21T22-02-32,0.4131417080002393,6,1165
erich666/GraphicsGems,erich666/GraphicsGems,2023-11-21T22-02-32,26.965991570999904,385,68663
EricssonResearch/openwebrtc,EricssonResearch/openwebrtc,2023-11-21T22-02-59,4.959402268999838,103,24060
esnet/iperf,esnet/iperf,2023-11-21T22-03-04,3.4188591970000743,41,19258
esp8266/esp8266-wiki,esp8266/esp8266-wiki,2023-11-21T22-03-07,0.0822424880002472,1,108
espeak-ng/espeak-ng,espeak-ng/espeak-ng,2023-11-21T22-03-07,8.513533941999867,113,55861
espressif/esp-adf,espressif/esp-adf,2023-11-21T22-03-16,43.53060973100037,803,161886
espressif/esp-idf,espressif/esp-idf,2023-11-21T22-03-59,337.1369200650006,6479,2457613
espruino/Espruino,espruino/Espruino,2023-11-21T22-09-37,118.2560284480005,2076,1608926
Ettercap/ettercap,Ettercap/ettercap,2023-11-21T22-11-35,20.74343310400036,362,97849
evanw/thinscript,evanw/thinscript,2023-11-21T21-12-11,0.8082857440000453,3,11020
Ewenwan/ShiYanLou,Ewenwan/ShiYanLou,2023-11-21T21-12-11,22.30482964800001,407,71890
Exely/CSAPP-Labs,Exely/CSAPP-Labs,2023-11-21T21-12-34,5.69797936100008,74,22529
ExistentialAudio/BlackHole,ExistentialAudio/BlackHole,2023-11-21T21-12-39,0.3528411620000042,2,4725
EZLippi/Tinyhttpd,EZLippi/Tinyhttpd,2023-11-21T21-12-40,0.2084115320000137,2,549
EZLippi/WebBench,EZLippi/WebBench,2023-11-21T21-12-40,0.2877882510000518,2,552
F-Stack/f-stack,F-Stack/f-stack,2023-11-21T21-12-40,903.709818995,11857,6623494
f0rb1dd3n/Reptile,f0rb1dd3n/Reptile,2023-11-21T21-27-44,5.186719289999928,66,20726
facebook/fishhook,facebook/fishhook,2023-11-21T21-27-49,0.1510383490001459,2,340
facebook/zstd,facebook/zstd,2023-11-21T21-27-49,20.640886218000105,228,110764
facebookarchive/libphenom,facebookarchive/libphenom,2023-11-21T21-28-10,5.004356622000159,95,31557
facebookresearch/darkforestGo,facebookresearch/darkforestGo,2023-11-21T21-28-15,6.000483593999888,64,17249
Facico/Chinese-Vicuna,Facico/Chinese-Vicuna,2023-11-21T21-28-21,1.2733387880000464,3,11512
fastos/fastsocket,fastos/fastsocket,2023-11-21T21-28-22,1627.253105265,26693,12488945
FASTSHIFT/X-TRACK,FASTSHIFT/X-TRACK,2023-11-21T21-55-30,109.72423705899972,1045,421352
feiskyer/sdn-handbook,feiskyer/sdn-handbook,2023-11-21T21-57-19,0.6435743920001187,5,1239
FelixKratz/SketchyBar,FelixKratz/SketchyBar,2023-11-21T21-57-20,6.0887923469999805,60,11118
FeralInteractive/gamemode,FeralInteractive/gamemode,2023-11-21T21-57-26,2.3241372839997894,31,8023
FFmpeg/FFmpeg,FFmpeg/FFmpeg,2023-11-21T21-57-28,317.77080038700024,4171,1617941
ffmpegwasm/ffmpeg.wasm,ffmpegwasm/ffmpeg.wasm,2023-11-21T22-02-46,1.7689059210001687,13,22704
FFTW/fftw3,FFTW/fftw3,2023-11-21T22-02-48,21.4968852840002,367,49828
firmianay/CTF-All-In-One,firmianay/CTF-All-In-One,2023-11-21T22-03-09,3.853785678999884,57,13730
flatpak/flatpak,flatpak/flatpak,2023-11-21T22-03-13,13.99960384499991,190,123901
flightlessmango/MangoHud,flightlessmango/MangoHud,2023-11-21T22-03-27,3.632836934999887,65,28205
Flipper-XFW/Xtreme-Firmware,Flipper-XFW/Xtreme-Firmware,2023-11-21T22-03-31,232.2643954560004,4247,2244436
floooh/sokol,floooh/sokol,2023-11-21T22-07-23,5.629270665000149,52,110967
flutter/codelabs,flutter/codelabs,2023-11-21T22-07-29,57.2650793329999,1043,346724
FlyGoat/RyzenAdj,FlyGoat/RyzenAdj,2023-11-21T22-08-26,0.9660994229998324,12,4866
fogleman/Craft,fogleman/Craft,2023-11-21T22-08-27,10.919966834000206,122,261579
fontforge/fontforge,fontforge/fontforge,2023-11-21T22-08-38,49.77110938100032,414,571519
foobnix/LibreraReader,foobnix/LibreraReader,2023-11-21T22-09-28,38.185387683000044,589,307168
Foundry376/Mailspring,Foundry376/Mailspring,2023-11-21T22-10-06,4.426318495000487,4,283830
freebsd/freebsd-src,freebsd/freebsd-src,2023-11-21T22-10-10,2523.036993167,35424,17063454
FreeRDP/FreeRDP,FreeRDP/FreeRDP,2023-11-21T22-52-13,82.2267627199999,1453,532275
FRRouting/frr,FRRouting/frr,2023-11-21T22-53-36,115.52558531600062,1438,874701
fukuchi/libqrencode,fukuchi/libqrencode,2023-11-21T22-55-31,3.9542814870001166,47,15499
fulldecent/system-bus-radio,fulldecent/system-bus-radio,2023-11-21T22-55-35,0.1679186620003747,1,108
fwupd/fwupd,fwupd/fwupd,2023-11-21T22-55-35,60.95185226299964,1201,292682
gatieme/LDD-LinuxDeviceDrivers,gatieme/LDD-LinuxDeviceDrivers,2023-11-21T22-56-36,38.11201767800048,635,138015
gdbinit/MachOView,gdbinit/MachOView,2023-11-21T22-57-14,41.51436336799998,633,241670
geany/geany,geany/geany,2023-11-21T22-57-56,30.368695657999524,458,222265
gentilkiwi/kekeo,gentilkiwi/kekeo,2023-11-21T22-58-26,4.557895134000319,82,30153
gentilkiwi/mimikatz,gentilkiwi/mimikatz,2023-11-21T22-58-31,23.166880009000124,304,318333
Genymobile/scrcpy,Genymobile/scrcpy,2023-11-21T22-58-54,8.914595901000212,147,25981
geohot/qira,geohot/qira,2023-11-21T22-59-03,2.906826921999709,42,14213
ggerganov/ggml,ggerganov/ggml,2023-11-21T22-59-06,4.720726737000405,39,54734
ggerganov/llama.cpp,ggerganov/llama.cpp,2023-11-21T22-59-10,3.5284039540001686,30,51585
ggreer/the_silver_searcher,ggreer/the_silver_searcher,2023-11-21T22-59-14,1.8858206040004009,23,6098
GiacomoLaw/Keylogger,GiacomoLaw/Keylogger,2023-11-21T22-59-16,0.1275207999997292,2,193
giltene/wrk2,giltene/wrk2,2023-11-21T22-59-16,19.688117289999354,170,78722
git/git,git/git,2023-11-21T22-59-36,91.65427932300008,883,389136
github/glb-director,github/glb-director,2023-11-21T23-01-07,3.6173650270002327,56,13028
glfw/glfw,glfw/glfw,2023-11-21T23-01-11,8.42352119500083,102,97556
glouw/paperview,glouw/paperview,2023-11-21T23-01-19,0.0568312249997688,1,231
glouw/tinn,glouw/tinn,2023-11-21T23-01-19,0.2200350900002377,3,415
gnab/rtl8812au,gnab/rtl8812au,2023-11-21T23-01-20,18.40979987299943,306,226767
gnea/grbl,gnea/grbl,2023-11-21T23-01-38,3.0185254399993937,39,10353
GNOME/glib,GNOME/glib,2023-11-21T23-01-41,84.27078523700038,1403,782572
Gnucash/gnucash,Gnucash/gnucash,2023-11-21T23-03-05,47.83456213699992,802,283925
gojue/ecapture,gojue/ecapture,2023-11-21T23-03-53,2.8441321390000667,36,119668
golang-ui/nuklear,golang-ui/nuklear,2023-11-21T23-03-56,0.5524815870003295,5,30118
google-ar/arcore-android-sdk,google-ar/arcore-android-sdk,2023-11-21T23-03-57,2.784002160999989,50,13653
google/AFL,google/AFL,2023-11-21T23-03-59,2.6390881139996054,26,16739
google/boringssl,google/boringssl,2023-11-21T23-04-02,40.11705137199988,607,241969
google/google-authenticator-libpam,google/google-authenticator-libpam,2023-11-21T23-04-42,1.006670656999631,13,4882
google/honggfuzz,google/honggfuzz,2023-11-21T23-04-43,7.552724567000041,84,20765
google/sanitizers,google/sanitizers,2023-11-21T23-04-51,8.740795992999665,1,9920
google/security-research,google/security-research,2023-11-21T23-04-59,14.305839979000666,70,21679
google/wuffs,google/wuffs,2023-11-21T23-05-14,57.10638814599952,83,235045
google/XNNPACK,google/XNNPACK,2023-11-21T23-06-11,2391.153109052,10233,2917142
googleprojectzero/winafl,googleprojectzero/winafl,2023-11-21T23-46-02,2.395190545999867,28,21151
gozfree/gear-lib,gozfree/gear-lib,2023-11-21T23-46-04,49.81114642600005,728,153027
gpac/gpac,gpac/gpac,2023-11-21T23-46-54,44.99196730800031,665,907499
GPUOpen-Effects/FidelityFX-FSR2,GPUOpen-Effects/FidelityFX-FSR2,2023-11-21T23-47-39,4.00733339999897,71,25892
GPUOpen-LibrariesAndSDKs/VulkanMemoryAllocator,GPUOpen-LibrariesAndSDKs/VulkanMemoryAllocator,2023-11-21T23-47-43,0.3791890610009432,5,20295
grbl/grbl,grbl/grbl,2023-11-21T23-47-44,3.4472454890001245,49,8540
greatscottgadgets/hackrf,greatscottgadgets/hackrf,2023-11-21T23-47-47,9.373261241000364,157,38404
greatscottgadgets/ubertooth,greatscottgadgets/ubertooth,2023-11-21T23-47-56,9.146443348001412,161,37120
greenbone/openvas-scanner,greenbone/openvas-scanner,2023-11-21T23-48-05,11.711594247000903,159,53388
greenplum-db/gpdb,greenplum-db/gpdb,2023-11-21T23-48-17,213.64284941000005,3912,1903199
gsliepen/tinc,gsliepen/tinc,2023-11-21T23-51-51,6.72053759100163,76,19661
guillaumechereau/goxel,guillaumechereau/goxel,2023-11-21T23-51-58,21.96160508899993,191,207277
h2o/h2o,h2o/h2o,2023-11-21T23-52-20,57.42468708199885,795,305741
h2o/picohttpparser,h2o/picohttpparser,2023-11-21T23-53-17,0.3358665899995685,4,1297
h3xduck/TripleCross,h3xduck/TripleCross,2023-11-21T23-53-17,9.876208008001411,98,397784
haad/proxychains,haad/proxychains,2023-11-21T23-53-27,0.5912379159999546,7,1930
haampie/libtree,haampie/libtree,2023-11-21T23-53-28,0.2516464309992443,4,1847
hackerschoice/thc-tips-tricks-hacks-cheat-sheet,hackerschoice/thc-tips-tricks-hacks-cheat-sheet,2023-11-21T23-53-28,0.0948335009998118,1,63
haiwen/seafile,haiwen/seafile,2023-11-21T23-53-28,7.494963053999527,100,54095
hanslub42/rlwrap,hanslub42/rlwrap,2023-11-21T23-53-36,1.6589382540005315,15,9620
hanwckf/rt-n56u,hanwckf/rt-n56u,2023-11-21T23-53-37,3156.9083629220004,48588,22741359
HarbourMasters/Shipwright,HarbourMasters/Shipwright,2023-11-22T00-46-14,128.68513028800044,2563,522251
hashcat/hashcat,hashcat/hashcat,2023-11-22T00-48-23,59.29475909900066,963,514548
hashcat/hashcat-legacy,hashcat/hashcat-legacy,2023-11-22T00-49-22,2.8949198739992426,26,43348
hasherezade/hollows_hunter,hasherezade/hollows_hunter,2023-11-22T00-49-25,0.6176423429988063,13,5013
helloexp/0day,helloexp/0day,2023-11-22T00-49-26,128.4797293269985,1433,779850
henkman/virgo,henkman/virgo,2023-11-22T00-51-34,0.0908231589983188,1,323
henrypp/memreduct,henrypp/memreduct,2023-11-22T00-51-34,0.2478101919987239,4,2969
henrypp/simplewall,henrypp/simplewall,2023-11-22T00-51-34,2.33641191300012,38,29587
hfiref0x/UACME,hfiref0x/UACME,2023-11-22T00-51-37,6.159313594000196,124,48557
laruence/yaf,laruence/yaf,2023-11-22T12-38-47,4.213946591000422,89,17163
lastpass/lastpass-cli,lastpass/lastpass-cli,2023-11-22T12-38-51,5.361153614998329,65,13921
lavabit/magma,lavabit/magma,2023-11-22T12-38-56,42.327862435995485,644,1247162
lc-soft/LCUI,lc-soft/LCUI,2023-11-22T12-39-39,14.328217880000013,252,56697
ldcsaa/HP-Socket,ldcsaa/HP-Socket,2023-11-22T12-39-53,91.94977391599969,1695,525374
ldpreload/BlackLotus,ldpreload/BlackLotus,2023-11-22T12-41-25,3.6855371839992586,65,27920
leahneukirchen/nq,leahneukirchen/nq,2023-11-22T12-41-29,0.2083089599982486,2,686
leandromoreira/ffmpeg-libav-tutorial,leandromoreira/ffmpeg-libav-tutorial,2023-11-22T12-41-29,0.3619465830051922,5,918
leapmotion/ProjectNorthStar,leapmotion/ProjectNorthStar,2023-11-22T12-41-29,8.929254702001344,161,52130
Legrandin/pycryptodome,Legrandin/pycryptodome,2023-11-22T12-41-38,10.113582761005093,107,52816
LemonBoy/bar,LemonBoy/bar,2023-11-22T12-41-48,0.2525072579956031,3,1619
lexborisov/myhtml,lexborisov/myhtml,2023-11-22T12-41-49,9.015191978003712,154,85589
lh3/bwa,lh3/bwa,2023-11-22T12-41-58,5.884559582998918,60,16961
lh3/minimap2,lh3/minimap2,2023-11-22T12-42-03,3.874990431002516,40,12255
libarchive/libarchive,libarchive/libarchive,2023-11-22T12-42-07,39.030265396002505,663,227800
libbpf/libbpf,libbpf/libbpf,2023-11-22T12-42-46,5.623685305006802,62,58842
libevent/libevent,libevent/libevent,2023-11-22T12-42-52,15.19491487400228,171,96317
libfuse/libfuse,libfuse/libfuse,2023-11-22T12-43-07,5.0271885539987125,56,31209
libfuse/sshfs,libfuse/sshfs,2023-11-22T12-43-12,0.6874951040008455,8,6056
libgdx/packr,libgdx/packr,2023-11-22T12-43-13,0.6885318490021746,9,5645
libgit2/libgit2,libgit2/libgit2,2023-11-22T12-43-14,65.4316096879993,1108,367956
libgit2/rugged,libgit2/rugged,2023-11-22T12-44-19,1.708498125000915,33,15843
libharu/libharu,libharu/libharu,2023-11-22T12-44-21,7.566012568000588,121,149614
libimobiledevice/libimobiledevice,libimobiledevice/libimobiledevice,2023-11-22T12-44-28,8.815182004000235,141,44669
libratbag/libratbag,libratbag/libratbag,2023-11-22T12-44-37,7.523984630002815,79,41282
libusb/hidapi,libusb/hidapi,2023-11-22T12-44-45,1.3252432179942844,20,11155
libusb/libusb,libusb/libusb,2023-11-22T12-44-46,4.3405921870071325,61,38872
libuv/libuv,libuv/libuv,2023-11-22T12-44-50,29.89093904900073,353,105807
lieff/minimp3,lieff/minimp3,2023-11-22T12-45-20,8.656220611999743,17,134029
liexusong/php-beast,liexusong/php-beast,2023-11-22T12-45-29,1.654783869998937,25,4491
LIJI32/SameBoy,LIJI32/SameBoy,2023-11-22T12-45-31,10.818186174998118,190,38978
limine-bootloader/limine,limine-bootloader/limine,2023-11-22T12-45-41,6.449845029004791,126,22500
linux-test-project/ltp,linux-test-project/ltp,2023-11-22T12-45-48,348.2217096859968,4722,608900
linw7/Skill-Tree,linw7/Skill-Tree,2023-11-22T12-51-36,2.1472981339975377,27,1885
litehtml/litehtml,litehtml/litehtml,2023-11-22T12-51-38,5.82954508500552,101,43591
LiteOS/LiteOS,LiteOS/LiteOS,2023-11-22T12-51-44,205.25326834699808,3675,1922211
litespeedtech/lsquic,litespeedtech/lsquic,2023-11-22T12-55-09,23.565920682995056,270,130091
liuliu/ccv,liuliu/ccv,2023-11-22T12-55-33,41.54949687799672,514,462587
lloyd/yajl,lloyd/yajl,2023-11-22T12-56-14,1.7387064969952917,27,6015
LMDB/lmdb,LMDB/lmdb,2023-11-22T12-56-16,1.627309568997589,15,15818
Lojii/Knot,Lojii/Knot,2023-11-22T12-56-18,33.73893509100162,451,189775
LongSoft/UEFITool,LongSoft/UEFITool,2023-11-22T12-56-51,2.345088757996564,40,12823
Lora-net/LoRaMac-node,Lora-net/LoRaMac-node,2023-11-22T12-56-54,57.868311140002334,1159,915552
lotabout/write-a-C-interpreter,lotabout/write-a-C-interpreter,2023-11-22T12-57-52,0.2551684780046344,3,2766
loyinglin/LearnOpenGLES,loyinglin/LearnOpenGLES,2023-11-22T12-57-52,12.154978380000102,224,99614
lpereira/lwan,lpereira/lwan,2023-11-22T12-58-04,12.353205048006204,133,38007
lsalzman/enet,lsalzman/enet,2023-11-22T12-58-16,1.0261410120001528,18,6496
lua/lua,lua/lua,2023-11-22T12-58-17,6.653519843996037,68,31680
lucavallin/barco,lucavallin/barco,2023-11-22T12-58-24,1.195669701002771,16,7431
luke-jr/bfgminer,luke-jr/bfgminer,2023-11-22T12-58-25,19.881703039005515,150,83771
LukeSmithxyz/st,LukeSmithxyz/st,2023-11-22T12-58-45,0.8984888949999004,10,6546
LumaTeam/Luma3DS,LumaTeam/Luma3DS,2023-11-22T12-58-46,17.216326825997385,311,71611
lwfinger/rtl8188eu,lwfinger/rtl8188eu,2023-11-22T12-59-03,46.22633518299699,739,456908
lzfse/lzfse,lzfse/lzfse,2023-11-22T12-59-50,1.326671239999996,15,5396
mabeijianxi/small-video-record,mabeijianxi/small-video-record,2023-11-22T12-59-51,265.1605545180064,3367,1280234
machyve/xhyve,machyve/xhyve,2023-11-22T13-04-16,9.05341182599659,141,55119
madeye/proxydroid,madeye/proxydroid,2023-11-22T13-04-25,8.665906543996243,118,52477
madler/pigz,madler/pigz,2023-11-22T13-04-34,2.0827022410012432,26,10121
madler/zlib,madler/zlib,2023-11-22T13-04-36,5.449422368001251,69,41225
madMAx43v3r/chia-plotter,madMAx43v3r/chia-plotter,2023-11-22T13-04-41,3.256894853999256,52,16935
maharmstone/btrfs,maharmstone/btrfs,2023-11-22T13-04-45,11.015676069997426,121,119870
Maratyszcza/NNPACK,Maratyszcza/NNPACK,2023-11-22T13-04-56,8.800523716003227,144,33996
marella/ctransformers,marella/ctransformers,2023-11-22T13-05-04,3.487421694000659,18,30406
martanne/vis,martanne/vis,2023-11-22T13-05-08,5.363937462003378,53,26149
martin-ger/esp_wifi_repeater,martin-ger/esp_wifi_repeater,2023-11-22T13-05-13,2.3746656570001505,49,16574
martinezjavier/ldd3,martinezjavier/ldd3,2023-11-22T13-05-16,3.747512525005732,68,12010
master131/BlockTheSpot,master131/BlockTheSpot,2023-11-22T13-05-19,1.457967633003136,13,11026
mattrajca/sudo-touchid,mattrajca/sudo-touchid,2023-11-22T13-05-21,17.73734559199511,240,83991
matz/streem,matz/streem,2023-11-22T13-05-39,3.334960495994892,35,11771
mbebenita/Broadway,mbebenita/Broadway,2023-11-22T13-05-42,12.0551116899951,258,84559
Mbed-TLS/mbedtls,Mbed-TLS/mbedtls,2023-11-22T13-05-54,24.86648797100497,455,252440
McNopper/OpenGL,McNopper/OpenGL,2023-11-22T13-06-19,16.298602438997477,207,174059
medusalix/xone,medusalix/xone,2023-11-22T13-06-35,0.8645959209970897,15,7347
meetecho/janus-gateway,meetecho/janus-gateway,2023-11-22T13-06-36,15.917734932998428,122,113190
Meituan-Dianping/DBProxy,Meituan-Dianping/DBProxy,2023-11-22T13-06-52,9.905546508998668,126,47969
Meituan-Dianping/Logan,Meituan-Dianping/Logan,2023-11-22T13-07-02,9.00981524400413,172,92446
Meituan-Dianping/SQLAdvisor,Meituan-Dianping/SQLAdvisor,2023-11-22T13-07-11,30.057428920998063,485,450093
melonDS-emu/melonDS,melonDS-emu/melonDS,2023-11-22T13-07-41,11.122570245002862,198,74303
memcached/memcached,memcached/memcached,2023-11-22T13-07-52,10.59247490100097,86,45745
memononen/nanovg,memononen/nanovg,2023-11-22T13-08-03,1.5910450770024909,19,23723
mendsley/bsdiff,mendsley/bsdiff,2023-11-22T13-08-04,0.2304143100045621,4,726
merbanan/rtl_433,merbanan/rtl_433,2023-11-22T13-08-04,15.974445382998963,309,87603
mgba-emu/mgba,mgba-emu/mgba,2023-11-22T13-08-20,49.91522191200056,851,535648
michal-z/zig-gamedev,michal-z/zig-gamedev,2023-11-22T13-09-10,160.1363375630026,3158,1267287
micropython/micropython,micropython/micropython,2023-11-22T13-11-50,99.42324312800338,1991,480480
microsoft/checkedc,microsoft/checkedc,2023-11-22T13-13-30,8.05079866500455,151,29737
microsoft/msquic,microsoft/msquic,2023-11-22T13-13-38,27.03056082400144,539,169420
microsoft/Windows-driver-samples,microsoft/Windows-driver-samples,2023-11-22T13-14-05,102.34162370400009,2047,1063328
MidnightCommander/mc,MidnightCommander/mc,2023-11-22T13-15-47,23.81645418300468,378,153500
ming1016/study,ming1016/study,2023-11-22T13-16-11,6.22104228399985,65,92291
MinhasKamal/CreepyCodeCollection,MinhasKamal/CreepyCodeCollection,2023-11-22T13-16-17,0.7766099349973956,16,250
minoca/os,minoca/os,2023-11-22T13-16-18,96.816028412999,1590,1483389
MiSTer-devel/Main_MiSTer,MiSTer-devel/Main_MiSTer,2023-11-22T13-17-55,11.885648741001203,207,72502
mit-pdos/xv6-public,mit-pdos/xv6-public,2023-11-22T13-18-07,3.394464605000394,68,9405
mit-pdos/xv6-riscv,mit-pdos/xv6-riscv,2023-11-22T13-18-10,3.152993807001621,61,11327
Mixiaoxiao/Arduino-HomeKit-ESP8266,Mixiaoxiao/Arduino-HomeKit-ESP8266,2023-11-22T13-18-13,7.534257833998708,150,61633
mjolnirapp/mjolnir,mjolnirapp/mjolnir,2023-11-22T13-18-21,5.773479452000174,78,24324
moby/hyperkit,moby/hyperkit,2023-11-22T13-18-27,8.72455209599866,134,51210
mofarrell/p2pvc,mofarrell/p2pvc,2023-11-22T13-18-35,2.136078977004217,36,12089
momotech/MLN,momotech/MLN,2023-11-22T13-18-38,163.39158365700132,3437,425776
mongrel2/mongrel2,mongrel2/mongrel2,2023-11-22T12-38-53,16.168527722998988,217,61338
moretension/duti,moretension/duti,2023-11-22T12-39-09,0.4549358139993273,7,1253
mortdeus/legacy-cc,mortdeus/legacy-cc,2023-11-22T12-39-10,0.6333951259948662,13,5243
Motion-Project/motion,Motion-Project/motion,2023-11-22T12-39-10,6.919056998005544,66,41829
mozilla/mozjpeg,mozilla/mozjpeg,2023-11-22T12-39-17,19.10677790200134,190,88443
mpaland/printf,mpaland/printf,2023-11-22T12-39-36,0.1161856390026514,2,1031
mpv-player/mpv,mpv-player/mpv,2023-11-22T12-39-36,37.87448652099556,538,194158
Mr-Un1k0d3r/EDRs,Mr-Un1k0d3r/EDRs,2023-11-22T12-40-14,0.6926388749998296,11,1021
mrexodia/TitanHide,mrexodia/TitanHide,2023-11-22T12-40-15,7.124991422999301,94,25608
MrGlockenspiel/activate-linux,MrGlockenspiel/activate-linux,2023-11-22T12-40-22,1.1989588040014496,21,1820
mruby/mruby,mruby/mruby,2023-11-22T12-40-23,9.148083866995876,158,79116
mstorsjo/llvm-mingw,mstorsjo/llvm-mingw,2023-11-22T12-40-32,2.0331613329981337,18,3234
mtoyoda/sl,mtoyoda/sl,2023-11-22T12-40-34,0.1418012509966502,2,445
mubix/post-exploitation,mubix/post-exploitation,2023-11-22T12-40-35,0.1972192100001848,3,745
mydumper/mydumper,mydumper/mydumper,2023-11-22T12-40-35,5.7786818189997575,81,17102
Mzzopublic/C,Mzzopublic/C,2023-11-22T12-40-41,5.653699754999252,93,7088
n64decomp/sm64,n64decomp/sm64,2023-11-22T12-40-46,169.6887959300002,3026,669025
NagiosEnterprises/nagioscore,NagiosEnterprises/nagioscore,2023-11-22T12-43-36,14.315501412995218,190,137949
namhyung/uftrace,namhyung/uftrace,2023-11-22T12-43-50,13.22972875200503,201,64041
nanomsg/nanomsg,nanomsg/nanomsg,2023-11-22T12-44-04,19.682754448993364,270,38855
nanomsg/nng,nanomsg/nng,2023-11-22T12-44-23,18.008366883004783,292,94026
nanopb/nanopb,nanopb/nanopb,2023-11-22T12-44-41,8.364326433002134,143,16889
nanovms/nanos,nanovms/nanos,2023-11-22T12-44-50,29.56360931800009,482,149909
nbs-system/naxsi,nbs-system/naxsi,2023-11-22T12-45-19,2.3732157019985607,27,22302
nelhage/reptyr,nelhage/reptyr,2023-11-22T12-45-22,1.8861414579951088,28,3780
netblue30/firejail,netblue30/firejail,2023-11-22T12-45-23,20.904790046006383,180,50048
netdata/netdata,netdata/netdata,2023-11-22T12-45-44,64.1996853870005,559,543539
NetHack/NetHack,NetHack/NetHack,2023-11-22T12-46-48,26.442825904996425,495,395809
networkprotocol/netcode,networkprotocol/netcode,2023-11-22T12-47-15,3.899163228001271,69,14695
networkprotocol/yojimbo,networkprotocol/yojimbo,2023-11-22T12-47-19,6.61653970900079,130,44825
neurobin/shc,neurobin/shc,2023-11-22T12-47-25,0.127559699001722,1,1364
neutrinolabs/xrdp,neutrinolabs/xrdp,2023-11-22T12-47-26,13.207400233004591,220,105057
nfs-ganesha/nfs-ganesha,nfs-ganesha/nfs-ganesha,2023-11-22T12-47-39,49.11063271599414,551,266744
nginx/nginx,nginx/nginx,2023-11-22T12-48-28,21.18941565300338,390,229641
nginx/unit,nginx/unit,2023-11-22T12-48-49,36.203826227996615,313,117843
NicoHood/HID,NicoHood/HID,2023-11-22T12-49-25,2.302898645997629,48,13635
nicolasff/webdis,nicolasff/webdis,2023-11-22T12-49-28,7.123276708996855,93,23956
nigels-com/glew,nigels-com/glew,2023-11-22T12-49-35,1.562661604002642,33,4415
nihui/opencv-mobile,nihui/opencv-mobile,2023-11-22T12-49-36,0.1774718609958654,3,10129
nihui/waifu2x-ncnn-vulkan,nihui/waifu2x-ncnn-vulkan,2023-11-22T12-49-36,0.4556163219967857,7,11211
nkolban/esp32-snippets,nkolban/esp32-snippets,2023-11-22T12-49-37,12.272449600997788,248,41868
NLnetLabs/unbound,NLnetLabs/unbound,2023-11-22T12-49-49,15.340232145004848,288,175598
nmap/npcap,nmap/npcap,2023-11-22T12-50-05,3.999712822005677,77,23940
nmathewson/libevent_obsolete,nmathewson/libevent_obsolete,2023-11-22T12-50-09,12.742362760000104,149,82524
nmikhailov/Validity90,nmikhailov/Validity90,2023-11-22T12-50-21,8.23442059700028,104,69771
nodejs/http-parser,nodejs/http-parser,2023-11-22T12-50-30,0.7030295360018499,8,8125
nodemcu/nodemcu-firmware,nodemcu/nodemcu-firmware,2023-11-22T12-50-30,38.68643045299541,641,305056
NoiseByNorthwest/php-spx,NoiseByNorthwest/php-spx,2023-11-22T12-51-09,2.430968014996324,38,8032
notro/fbtft,notro/fbtft,2023-11-22T12-51-11,1.8324154150031973,32,10240
Novum/vkQuake,Novum/vkQuake,2023-11-22T12-51-13,42.70461108699965,315,231852
ntop/n2n,ntop/n2n,2023-11-22T12-51-56,7.245869361002406,103,32783
ntop/nDPI,ntop/nDPI,2023-11-22T12-52-03,19.48961336299544,314,127616
ntop/PF_RING,ntop/PF_RING,2023-11-22T12-52-23,105.2689294879965,944,766875
numberwolf/h265web.js,numberwolf/h265web.js,2023-11-22T12-54-08,280.8852856030062,3596,1395275
NVIDIA/open-gpu-kernel-modules,NVIDIA/open-gpu-kernel-modules,2023-11-22T12-58-49,168.70144937700388,3151,1527439
obs-ndi/obs-ndi,obs-ndi/obs-ndi,2023-11-22T13-01-37,1.34119595100492,19,2916
obsproject/obs-studio,obsproject/obs-studio,2023-11-22T13-01-39,92.7096125579992,994,315461
octalmage/robotjs,octalmage/robotjs,2023-11-22T13-03-12,3.7822873209952377,51,7127
odzhan/injection,odzhan/injection,2023-11-22T13-03-15,4.347889183998632,62,24602
okbob/pspg,okbob/pspg,2023-11-22T13-03-20,2.886128550999274,33,31081
OLIMEX/OLINUXINO,OLIMEX/OLINUXINO,2023-11-22T13-03-23,15.616697942998144,224,39075
onetrueawk/awk,onetrueawk/awk,2023-11-22T13-03-38,1.1987026930000866,12,7575
OnionUI/Onion,OnionUI/Onion,2023-11-22T13-03-39,13.243318562999775,130,310168
open-mpi/ompi,open-mpi/ompi,2023-11-22T13-03-53,193.70352561999607,3556,658743
open-sdr/openwifi,open-sdr/openwifi,2023-11-22T13-07-06,2.1372281680014567,29,21016
open62541/open62541,open62541/open62541,2023-11-22T13-07-08,23.952908047001984,415,200441
openai/retro,openai/retro,2023-11-22T13-07-32,154.87556190299802,2243,1009237
openctp/openctp,openctp/openctp,2023-11-22T13-10-07,14.239746765000746,211,522843
OpenIntelWireless/itlwm,OpenIntelWireless/itlwm,2023-11-22T13-10-22,8.159003248998488,141,69046
OpenKinect/libfreenect,OpenKinect/libfreenect,2023-11-22T13-10-30,5.298681170002965,68,21211
OpenMathLib/OpenBLAS,OpenMathLib/OpenBLAS,2023-11-22T13-10-35,181.411038016995,3776,574393
openmv/openmv,openmv/openmv,2023-11-22T13-13-36,148.32469684299576,2006,2355526
OpenRC/openrc,OpenRC/openrc,2023-11-22T13-16-05,4.954370870000275,54,18195
openresty/headers-more-nginx-module,openresty/headers-more-nginx-module,2023-11-22T13-16-10,0.4588279149975278,9,2811
openresty/lua-nginx-module,openresty/lua-nginx-module,2023-11-22T13-16-10,7.045624152000528,124,59595
OpenSC/OpenSC,OpenSC/OpenSC,2023-11-22T13-16-17,27.692190119996667,358,240177
openssl/openssl,openssl/openssl,2023-11-22T13-16-45,117.89832755299722,2011,769127
openvenues/libpostal,openvenues/libpostal,2023-11-22T13-18-43,101.82232198699784,201,600793
OpenVPN/openvpn,OpenVPN/openvpn,2023-11-22T13-20-25,27.25152266499936,281,141763
openvswitch/ovs,openvswitch/ovs,2023-11-22T13-20-52,76.73145310700056,791,426223
openwall/john,openwall/john,2023-11-22T13-22-09,88.7317131939999,1111,412185
openwrt/openwrt,openwrt/openwrt,2023-11-22T13-23-37,43.768071183003485,743,332186
openzfs/zfs,openzfs/zfs,2023-11-22T13-24-21,61.84094667500176,1040,561076
opsengine/cpulimit,opsengine/cpulimit,2023-11-22T13-25-23,0.9366917489969636,13,1979
orangeduck/Cello,orangeduck/Cello,2023-11-22T13-25-24,3.8759754320053617,60,18207
orangeduck/Corange,orangeduck/Corange,2023-11-22T13-25-28,7.362555601001077,139,28449
osmc/osmc,osmc/osmc,2023-11-22T13-25-35,8.647944925003685,142,39584
osqzss/gps-sdr-sim,osqzss/gps-sdr-sim,2023-11-22T13-25-44,1.3987961800012272,18,7363
otya128/winevdm,otya128/winevdm,2023-11-22T13-25-45,75.19623407699692,744,472485
owntone/owntone-server,owntone/owntone-server,2023-11-22T13-27-00,12.594359088005149,141,113741
p-gen/smenu,p-gen/smenu,2023-11-22T13-27-13,1.6463755400036462,20,24537
P-H-C/phc-winner-argon2,P-H-C/phc-winner-argon2,2023-11-22T13-27-15,1.4819819510012169,20,5049
P403n1x87/austin,P403n1x87/austin,2023-11-22T13-27-16,4.83235151500412,61,13567
panda-re/panda,panda-re/panda,2023-11-22T13-27-21,199.28892302299937,3809,1606996
pangweiwei/slua,pangweiwei/slua,2023-11-22T13-30-40,7.037370129000919,89,22192
pawelsalawa/sqlitestudio,pawelsalawa/sqlitestudio,2023-11-22T13-30-47,27.62944098599837,516,631293
pbatard/rufus,pbatard/rufus,2023-11-22T13-31-15,24.896927916001005,305,107929
peng-zhihui/Dummy-Robot,peng-zhihui/Dummy-Robot,2023-11-22T13-31-40,24.71396407300199,404,689124
peng-zhihui/HDMI-PI,peng-zhihui/HDMI-PI,2023-11-22T13-32-04,40.39912234499934,799,553900
peng-zhihui/HelloWord-Keyboard,peng-zhihui/HelloWord-Keyboard,2023-11-22T13-32-45,24.417504129000008,401,680173
varnishcache/varnish-cache,varnishcache/varnish-cache,2023-11-22T13-36-39,29.918825205997564,406,155525
veandco/go-sdl2,veandco/go-sdl2,2023-11-22T13-37-08,9.467444736001198,139,67299
vedderb/bldc,vedderb/bldc,2023-11-22T13-37-18,55.80233773500368,1105,398909
ventoy/Ventoy,ventoy/Ventoy,2023-11-22T13-38-14,45.26062408199505,719,322087
veracrypt/VeraCrypt,veracrypt/VeraCrypt,2023-11-22T13-38-59,36.87446240999998,529,191749
viest/php-ext-xlswriter,viest/php-ext-xlswriter,2023-11-22T13-39-36,1.8294588240023584,35,11019
vifm/vifm,vifm/vifm,2023-11-22T13-39-38,79.68525420700462,871,239139
vinniefalco/LuaBridge,vinniefalco/LuaBridge,2023-11-22T13-40-57,20.267125104001025,266,98367
virtio-win/kvm-guest-drivers-windows,virtio-win/kvm-guest-drivers-windows,2023-11-22T13-41-18,12.59102734800399,269,57370
VirusTotal/yara,VirusTotal/yara,2023-11-22T13-41-30,10.716393447000884,163,90850
Visgean/Zeus,Visgean/Zeus,2023-11-22T13-41-41,3.852986766003596,89,36439
visit1985/mdp,visit1985/mdp,2023-11-22T13-41-45,1.0389341979971505,16,3016
vivien/i3blocks,vivien/i3blocks,2023-11-22T13-41-46,1.484994373997324,20,3581
vk-com/kphp-kdb,vk-com/kphp-kdb,2023-11-22T13-41-47,74.08145525900181,681,360528
vlfeat/vlfeat,vlfeat/vlfeat,2023-11-22T13-43-01,12.819463116000406,145,51086
vmg/redcarpet,vmg/redcarpet,2023-11-22T13-43-14,1.2907084160033264,18,6623
vmware/open-vm-tools,vmware/open-vm-tools,2023-11-22T13-43-16,44.83397665499797,715,357781
vstakhov/libucl,vstakhov/libucl,2023-11-22T13-44-00,2.840434359000937,35,22920
vurtun/nuklear,vurtun/nuklear,2023-11-22T13-44-03,21.668033295994974,91,78663
vvaltchev/tilck,vvaltchev/tilck,2023-11-22T13-44-25,36.20071912000276,676,244095
wandenberg/nginx-push-stream-module,wandenberg/nginx-push-stream-module,2023-11-22T13-45-01,1.3065314139967086,21,8191
warmcat/libwebsockets,warmcat/libwebsockets,2023-11-22T13-45-02,49.71060781599954,854,477390
wasm3/wasm3,wasm3/wasm3,2023-11-22T13-45-52,7.402370932999474,98,30769
way-cooler/way-cooler,way-cooler/way-cooler,2023-11-22T13-45-59,1.6192472690017894,29,3112
WayneD/rsync,WayneD/rsync,2023-11-22T13-46-01,8.655396442001802,109,60449
wazuh/wazuh,wazuh/wazuh,2023-11-22T13-46-10,95.59807022500172,1326,491628
wb2osz/direwolf,wb2osz/direwolf,2023-11-22T13-47-45,16.19995407800161,189,112340
webmproject/libwebp,webmproject/libwebp,2023-11-22T13-48-02,15.172967966995202,233,97273
webview/webview,webview/webview,2023-11-22T13-48-17,0.221693507002783,4,3075
wechat-miniprogram/minigame-unity-webgl-transform,wechat-miniprogram/minigame-unity-webgl-transform,2023-11-22T13-48-17,18.845040535998123,219,81246
weechat/weechat,weechat/weechat,2023-11-22T13-48-36,41.87037291700108,465,288830
weibocom/nginx-upsync-module,weibocom/nginx-upsync-module,2023-11-22T13-49-18,0.5187718989982386,6,7850
werman/noise-suppression-for-voice,werman/noise-suppression-for-voice,2023-11-22T13-49-18,93.35609038700204,1696,551706
westes/flex,westes/flex,2023-11-22T13-50-52,3.970000758999959,43,12558
wg/wrk,wg/wrk,2023-11-22T13-50-56,2.147718995001924,27,6558
wine-mirror/wine,wine-mirror/wine,2023-11-22T13-50-58,390.9819517020005,5381,5519058
winscp/winscp,winscp/winscp,2023-11-22T13-57-29,75.34866210899781,1296,473901
winshining/nginx-http-flv-module,winshining/nginx-http-flv-module,2023-11-22T13-58-44,3.291894294001395,62,42023
winsiderss/systeminformer,winsiderss/systeminformer,2023-11-22T13-58-47,66.81376392300444,916,866741
wiredtiger/wiredtiger,wiredtiger/wiredtiger,2023-11-22T13-59-54,24.5381570630052,473,190649
WireGuard/wireguard-monolithic-historical,WireGuard/wireguard-monolithic-historical,2023-11-22T14-00-19,8.08814219100168,128,42905
WiringPi/WiringPi,WiringPi/WiringPi,2023-11-22T14-00-27,9.282790766999824,154,25229
wiseman/py-webrtcvad,wiseman/py-webrtcvad,2023-11-22T14-00-36,1.9894053440002608,43,7846
wishstudio/flinux,wishstudio/flinux,2023-11-22T14-00-38,6.983277726998495,136,28814
WizTeam/WizQTClient,WizTeam/WizQTClient,2023-11-22T14-00-45,29.63194347499666,501,240408
woltapp/blurhash,woltapp/blurhash,2023-11-22T14-01-15,1.1057998859978395,9,9303
wseemann/FFmpegMediaMetadataRetriever,wseemann/FFmpegMediaMetadataRetriever,2023-11-22T14-01-16,44.93293163999624,844,238908
wszqkzqk/deepin-wine-ubuntu,wszqkzqk/deepin-wine-ubuntu,2023-11-22T14-02-01,236.7957075809973,694,659191
xemu-project/xemu,xemu-project/xemu,2023-11-22T14-05-57,314.9709226640043,5892,2171522
Xfennec/progress,Xfennec/progress,2023-11-22T14-11-12,0.5013866950030206,6,1474
xoreaxeaxeax/rosenbridge,xoreaxeaxeax/rosenbridge,2023-11-22T14-11-13,1.1525424999999814,16,3370
XorTroll/Goldleaf,XorTroll/Goldleaf,2023-11-22T14-11-14,0.3226263160031521,6,23572
xroche/httrack,xroche/httrack,2023-11-22T14-11-14,11.875113708003482,106,64135
xyb3rt/sxiv,xyb3rt/sxiv,2023-11-22T14-11-26,1.109496222998132,13,4735
yanfeizhang/coder-kung-fu,yanfeizhang/coder-kung-fu,2023-11-22T14-11-27,1.500485427000967,20,1791
yangchaojiang/yjPlay,yangchaojiang/yjPlay,2023-11-22T14-11-29,262.2752600509993,3405,1306988
yangjie10930/EpMedia,yangjie10930/EpMedia,2023-11-22T14-15-51,1.256570395999006,13,16332
yarrick/iodine,yarrick/iodine,2023-11-22T14-15-52,3.0531891900027404,41,11908
yarrick/pingfs,yarrick/pingfs,2023-11-22T14-15-55,0.993483655998716,11,1872
yianwillis/vimcdoc,yianwillis/vimcdoc,2023-11-22T14-15-56,0.2273973910050699,1,5231
yitter/IdGenerator,yitter/IdGenerator,2023-11-22T14-15-57,1.4566360219978378,22,1789
yourtion/30dayMakeOS,yourtion/30dayMakeOS,2023-11-22T14-15-58,25.05613743099821,510,56383
yugabyte/yugabyte-db,yugabyte/yugabyte-db,2023-11-22T14-16-23,197.5612665439985,3843,1718884
zauonlok/renderer,zauonlok/renderer,2023-11-22T14-19-41,3.171157757999026,48,7833
ZBar/ZBar,ZBar/ZBar,2023-11-22T14-19-44,8.468609927003854,149,44464
ZerBea/hcxdumptool,ZerBea/hcxdumptool,2023-11-22T14-19-52,0.5980668810007046,7,6280
ZerBea/hcxtools,ZerBea/hcxtools,2023-11-22T14-19-53,2.700918558999547,31,20894
ZipArchive/ZipArchive,ZipArchive/ZipArchive,2023-11-22T14-19-56,2.49717937099922,37,12578
zmap/zmap,zmap/zmap,2023-11-22T14-19-58,9.188999727004555,107,16657
zpoint/CPython-Internals,zpoint/CPython-Internals,2023-11-22T14-20-07,0.1839501729991752,4,290
zrythm/zrythm,zrythm/zrythm,2023-11-22T14-20-08,58.47638787700271,1165,325667
zserge/jsmn,zserge/jsmn,2023-11-22T14-21-06,0.4200129980017664,6,1168
zsh-users/zsh,zsh-users/zsh,2023-11-22T14-21-06,5.984499600999698,98,151772
zuoqing1988/ZQCNN,zuoqing1988/ZQCNN,2023-11-22T14-21-12,104.61495539500174,471,375355
peng-zhihui/HoloCubic,peng-zhihui/HoloCubic,2023-11-22T12-38-59,178.93818523799564,1925,1674979
peng-zhihui/L-ink_Card,peng-zhihui/L-ink_Card,2023-11-22T12-41-58,49.3500961259997,998,482387
peng-zhihui/Peak,peng-zhihui/Peak,2023-11-22T12-42-47,298.8214682360049,3555,2588634
pgbouncer/pgbouncer,pgbouncer/pgbouncer,2023-11-22T12-47-46,3.1586545649988693,64,36212
philippe44/AirConnect,philippe44/AirConnect,2023-11-22T12-47-49,1.6439369209983852,22,5890
phoboslab/jsmpeg-vnc,phoboslab/jsmpeg-vnc,2023-11-22T12-47-51,6.155412710002565,94,21209
php-ds/ext-ds,php-ds/ext-ds,2023-11-22T12-47-57,4.490960117000213,94,11345
php/php-src,php/php-src,2023-11-22T12-48-02,251.35930843900127,2023,1901053
phpredis/phpredis,phpredis/phpredis,2023-11-22T12-52-13,2.135434964002343,32,33543
phra/PEzor,phra/PEzor,2023-11-22T12-52-15,0.8856514610015438,18,2526
pikvm/ustreamer,pikvm/ustreamer,2023-11-22T12-52-16,12.31439002299885,105,13160
pinterest/PINRemoteImage,pinterest/PINRemoteImage,2023-11-22T12-52-28,18.11420858299971,342,106919
pipelinedb/pipelinedb,pipelinedb/pipelinedb,2023-11-22T12-52-46,4.735580697000842,91,47754
PipeWire/pipewire,PipeWire/pipewire,2023-11-22T12-52-51,64.19308484600333,850,343839
pjsip/pjproject,pjsip/pjproject,2023-11-22T12-53-55,73.97751862799487,1485,633633
plasma-umass/coz,plasma-umass/coz,2023-11-22T12-55-09,6.62400247399637,40,328015
pmem/pmdk,pmem/pmdk,2023-11-22T12-55-16,52.54868675200123,588,143733
pmq20/ruby-packer,pmq20/ruby-packer,2023-11-22T12-56-08,215.9514987720031,2957,1850963
pmwkaa/sophia,pmwkaa/sophia,2023-11-22T12-59-44,17.849777682000422,294,54464
politza/pdf-tools,politza/pdf-tools,2023-11-22T13-00-02,0.8421592290033004,9,14672
ponylang/ponyc,ponylang/ponyc,2023-11-22T13-00-03,22.69731395599956,282,92602
positive-security/send-my,positive-security/send-my,2023-11-22T13-00-26,0.5992399739989196,11,2865
postgres/postgres,postgres/postgres,2023-11-22T13-00-26,125.58591914000137,2317,1573860
posva/catimg,posva/catimg,2023-11-22T13-02-32,0.9708303770021304,9,9238
premake/premake-core,premake/premake-core,2023-11-22T13-02-33,61.641618420995655,860,376069
pret/pokeemerald,pret/pokeemerald,2023-11-22T13-03-35,51.93880818300386,843,664352
projectNe10/Ne10,projectNe10/Ne10,2023-11-22T13-04-27,8.829507541995554,122,42500
PromyLOPh/pianobar,PromyLOPh/pianobar,2023-11-22T13-04-35,2.100622240002849,28,6965
Provenance-Emu/Provenance,Provenance-Emu/Provenance,2023-11-22T13-04-37,209.6966975940013,3175,1140873
Proxmark/proxmark3,Proxmark/proxmark3,2023-11-22T13-08-07,33.71806912100146,516,198440
ps2homebrew/Open-PS2-Loader,ps2homebrew/Open-PS2-Loader,2023-11-22T13-08-41,16.11113473399746,304,77973
ptitSeb/box64,ptitSeb/box64,2023-11-22T13-08-57,89.57365431299695,1321,243339
ptitSeb/box86,ptitSeb/box86,2023-11-22T13-10-27,68.43812891900598,1062,193317
pure-data/pure-data,pure-data/pure-data,2023-11-22T13-11-35,19.44190528000036,241,162990
pwmt/zathura,pwmt/zathura,2023-11-22T13-11-54,4.630847882996022,73,20312
pygame/pygame,pygame/pygame,2023-11-22T13-11-59,10.250395768001908,138,93779
pymumu/smartdns,pymumu/smartdns,2023-11-22T13-12-09,5.29287957399356,57,40311
Qihoo360/Atlas,Qihoo360/Atlas,2023-11-22T13-12-15,7.3014021159979166,115,34157
Qihoo360/phptrace,Qihoo360/phptrace,2023-11-22T13-12-22,1.5874504780003915,26,5488
qmk/qmk_firmware,qmk/qmk_firmware,2023-11-22T13-12-24,811.9681714010003,18097,1402490
r4j0x00/exploits,r4j0x00/exploits,2023-11-22T13-25-56,0.4020820669975364,5,672
radareorg/radare2,radareorg/radare2,2023-11-22T13-25-56,129.5724603359995,2012,1000363
RamonUnch/AltSnap,RamonUnch/AltSnap,2023-11-22T13-28-05,0.8252619620034238,12,13645
RandyGaul/cute_headers,RandyGaul/cute_headers,2023-11-22T13-28-06,23.30010787900392,330,185391
rapid7/metasploit-payloads,rapid7/metasploit-payloads,2023-11-22T13-28-30,48.97746424900106,718,443789
raspberrypi/firmware,raspberrypi/firmware,2023-11-22T13-29-19,25.78744475900021,482,137826
raspberrypi/pico-examples,raspberrypi/pico-examples,2023-11-22T13-29-44,11.047302211001806,179,26419
raspberrypi/rpi-imager,raspberrypi/rpi-imager,2023-11-22T13-29-55,0.0001497279954492,0,0
raspberrypi/tools,raspberrypi/tools,2023-11-22T13-29-55,342.68094591900444,7077,1779225
raysan5/raygui,raysan5/raygui,2023-11-22T13-35-38,3.5773890399941592,35,20008
rbaron/b-parasite,rbaron/b-parasite,2023-11-22T13-35-42,1.67324476599606,37,1949
reactos/reactos,reactos/reactos,2023-11-22T13-35-43,764.178752769003,13593,7709807
RedBeardLab/rediSQL,RedBeardLab/rediSQL,2023-11-22T13-48-28,2.664817132004828,9,233139
redcanaryco/atomic-red-team,redcanaryco/atomic-red-team,2023-11-22T13-48-30,2.831761383000412,48,10117
redis/hiredis,redis/hiredis,2023-11-22T13-48-33,4.023732075998851,52,13637
redis/redis,redis/redis,2023-11-22T13-48-37,55.12479360999714,695,285153
RediSearch/RediSearch,RediSearch/RediSearch,2023-11-22T13-49-32,55.73081066700252,572,206203
remzi-arpacidusseau/ostep-projects,remzi-arpacidusseau/ostep-projects,2023-11-22T13-50-28,1.0527495509959408,14,920
reorg/pg_repack,reorg/pg_repack,2023-11-22T13-50-29,0.5897724030000973,9,6859
retroplasma/earth-reverse-engineering,retroplasma/earth-reverse-engineering,2023-11-22T13-50-30,1.688427964996663,16,19513
rewardone/OSCPRepo,rewardone/OSCPRepo,2023-11-22T13-50-31,74.24331764999806,879,358657
riba2534/TCP-IP-NetworkNote,riba2534/TCP-IP-NetworkNote,2023-11-22T13-51-46,8.02114920799795,96,5252
riscv-collab/riscv-gnu-toolchain,riscv-collab/riscv-gnu-toolchain,2023-11-22T13-51-54,42.080949518000125,908,164786
rizinorg/rizin,rizinorg/rizin,2023-11-22T13-52-36,114.33944009800324,1833,878813
RoaringBitmap/CRoaring,RoaringBitmap/CRoaring,2023-11-22T13-54-30,6.641383973001211,85,39436
robertdavidgraham/masscan,robertdavidgraham/masscan,2023-11-22T13-54-37,16.079505208996125,215,60151
rougier/freetype-gl,rougier/freetype-gl,2023-11-22T13-54-53,9.04776499199943,169,68201
RPISEC/MBE,RPISEC/MBE,2023-11-22T13-55-02,2.9665407270003925,41,3231
rspamd/rspamd,rspamd/rspamd,2023-11-22T13-55-05,43.75300957199943,515,344387
rsta2/circle,rsta2/circle,2023-11-22T13-55-48,31.75832510199689,691,149316
rsyslog/rsyslog,rsyslog/rsyslog,2023-11-22T13-56-20,33.01456794400292,340,165911
RT-Thread/rt-thread,RT-Thread/rt-thread,2023-11-22T13-56-53,1650.2078797150025,29575,24600318
rui314/8cc,rui314/8cc,2023-11-22T14-24-23,4.801849661998858,80,11627
rui314/9cc,rui314/9cc,2023-11-22T14-24-28,1.4592699500062736,18,4366
rui314/chibicc,rui314/chibicc,2023-11-22T14-24-30,3.5653150840007584,63,11988
rui314/minilisp,rui314/minilisp,2023-11-22T14-24-33,0.1119784589973278,1,996
rxi/log.c,rxi/log.c,2023-11-22T14-24-33,0.1159398710005916,2,217
s-macke/VoxelSpace,s-macke/VoxelSpace,2023-11-22T14-24-34,0.1297052480003913,2,626
s-matyukevich/raspberry-pi-os,s-matyukevich/raspberry-pi-os,2023-11-22T14-24-34,62.36769543099945,1467,55369
sabrogden/Ditto,sabrogden/Ditto,2023-11-22T14-25-36,13.804511322996404,239,302358
saghul/txiki.js,saghul/txiki.js,2023-11-22T14-25-50,8.641982795998047,53,324065
sahib/rmlint,sahib/rmlint,2023-11-22T14-25-58,6.135575428001175,67,24854
saitoha/libsixel,saitoha/libsixel,2023-11-22T14-26-05,3.301203536997491,51,37349
samdenty/Wi-PWN,samdenty/Wi-PWN,2023-11-22T14-26-08,0.5815316289954353,12,25003
SamyPesse/How-to-Make-a-Computer-Operating-System,SamyPesse/How-to-Make-a-Computer-Operating-System,2023-11-22T14-26-08,18.02383681700303,338,25389
sandboxie-plus/Sandboxie,sandboxie-plus/Sandboxie,2023-11-22T14-26-26,27.95529883600102,568,216106
sandboxie/sandboxie,sandboxie/sandboxie,2023-11-22T14-26-54,15.013498476997484,305,150665
SanderMertens/flecs,SanderMertens/flecs,2023-11-22T14-27-09,40.57886644699465,783,401745
sarah-walker-pcem/pcem,sarah-walker-pcem/pcem,2023-11-22T14-27-50,39.60451423100312,733,280281
satori-com/tcpkali,satori-com/tcpkali,2023-11-22T14-28-30,16.83280210399971,195,54072
scandum/quadsort,scandum/quadsort,2023-11-22T14-28-46,0.8087857480059029,3,2728
scanmem/scanmem,scanmem/scanmem,2023-11-22T14-28-47,2.901852977003728,34,7833
ScanNet/ScanNet,ScanNet/ScanNet,2023-11-22T14-28-50,18.907627743996272,328,133475
SchedMD/slurm,SchedMD/slurm,2023-11-22T14-29-09,79.72218497099675,1156,716668
screetsec/TheFatRat,screetsec/TheFatRat,2023-11-22T14-30-29,7.390554795005299,87,92590
sdlpal/sdlpal,sdlpal/sdlpal,2023-11-22T14-30-36,93.69119189299818,536,324469
seclab-ucr/INTANG,seclab-ucr/INTANG,2023-11-22T14-32-10,7.886576160002733,125,14058
sergiomsilva/alpr-unconstrained,sergiomsilva/alpr-unconstrained,2023-11-22T14-32-18,11.076242531999014,118,36333
shadowsocks/ChinaDNS,shadowsocks/ChinaDNS,2023-11-22T14-32-29,0.2793651360043441,3,1174
shadowsocks/simple-obfs,shadowsocks/simple-obfs,2023-11-22T14-32-29,2.2650024670001585,28,8845
ShadowsocksR-Live/shadowsocksr-native,ShadowsocksR-Live/shadowsocksr-native,2023-11-22T12-39-04,6.8175262169970665,94,25413
shellinabox/shellinabox,shellinabox/shellinabox,2023-11-22T12-39-11,2.176074923998385,28,11239
shiyanhui/libcsp,shiyanhui/libcsp,2023-11-22T12-39-13,3.9570442180047394,47,6383
siemens/jailhouse,siemens/jailhouse,2023-11-22T12-39-17,16.569832729001064,375,61901
signal11/hidapi,signal11/hidapi,2023-11-22T12-39-34,0.4744738369990955,6,4773
signalwire/freeswitch,signalwire/freeswitch,2023-11-22T12-39-34,168.7112676800025,2404,1128810
Simple-XX/SimpleKernel,Simple-XX/SimpleKernel,2023-11-22T12-42-23,11.63443326199922,255,38820
SinaKarvandi/Hypervisor-From-Scratch,SinaKarvandi/Hypervisor-From-Scratch,2023-11-22T12-42-34,4.478017904999433,94,20356
snooda/net-speeder,snooda/net-speeder,2023-11-22T12-42-39,0.0822586310023325,1,193
SoftEtherVPN/SoftEtherVPN,SoftEtherVPN/SoftEtherVPN,2023-11-22T12-42-39,21.510935687998423,311,362721
SoftEtherVPN/SoftEtherVPN_Stable,SoftEtherVPN/SoftEtherVPN_Stable,2023-11-22T12-43-01,25.79695672100206,456,446821
solokeys/solo1,solokeys/solo1,2023-11-22T12-43-26,8.677707226001075,144,120468
solusipse/fiche,solusipse/fiche,2023-11-22T12-43-35,0.2510393310003564,3,1045
sp4cerat/Fast-Quadric-Mesh-Simplification,sp4cerat/Fast-Quadric-Mesh-Simplification,2023-11-22T12-43-35,5.266423745000793,86,106187
SpacehuhnTech/esp8266_deauther,SpacehuhnTech/esp8266_deauther,2023-11-22T12-43-41,2.7982521669982816,58,52669
spacemeowx2/switch-lan-play,spacemeowx2/switch-lan-play,2023-11-22T12-43-43,14.661029878996487,303,117632
sparklemotion/nokogiri,sparklemotion/nokogiri,2023-11-22T12-43-58,5.81597033500293,72,45468
spencertipping/jit-tutorial,spencertipping/jit-tutorial,2023-11-22T12-44-04,0.3417291599980672,5,248
sqfmi/Watchy,sqfmi/Watchy,2023-11-22T12-44-04,2.1302043789983145,38,17491
sqlcipher/sqlcipher,sqlcipher/sqlcipher,2023-11-22T12-44-06,37.13996160199895,396,399466
sqlite/sqlite,sqlite/sqlite,2023-11-22T12-44-43,37.2623632390023,392,410300
srdja/Collections-C,srdja/Collections-C,2023-11-22T12-45-21,2.839756579000096,49,18017
stanfordnlp/GloVe,stanfordnlp/GloVe,2023-11-22T12-45-24,0.5452245220003533,6,1603
starrtc/starrtc-server,starrtc/starrtc-server,2023-11-22T12-45-24,0.0541335059970151,1,6
stefanesser/dumpdecrypted,stefanesser/dumpdecrypted,2023-11-22T12-45-24,0.0874414539939607,1,242
stefansundin/altdrag,stefansundin/altdrag,2023-11-22T12-45-24,1.622338839006261,31,6505
stephenfewer/ReflectiveDLLInjection,stephenfewer/ReflectiveDLLInjection,2023-11-22T12-45-26,0.4704930169973522,10,1382
stevengj/nlopt,stevengj/nlopt,2023-11-22T12-45-26,7.19402991199604,88,35560
Stichting-MINIX-Research-Foundation/minix,Stichting-MINIX-Research-Foundation/minix,2023-11-22T12-45-34,1367.760941922999,20736,6278978
stlink-org/stlink,stlink-org/stlink,2023-11-22T13-08-21,2.9984016620001057,47,16398
stm32duino/Arduino_Core_STM32,stm32duino/Arduino_Core_STM32,2023-11-22T13-08-24,350.1858445850012,7110,9066302
Sunzxyong/Tiny,Sunzxyong/Tiny,2023-11-22T13-14-14,12.461099546002515,158,68934
surge-synthesizer/surge,surge-synthesizer/surge,2023-11-22T13-14-27,18.2239387380032,275,309304
sustrik/libdill,sustrik/libdill,2023-11-22T13-14-45,11.294519682996906,103,27292
sustrik/libmill,sustrik/libmill,2023-11-22T13-14-56,5.487370784001541,61,18564
swaywm/wlroots,swaywm/wlroots,2023-11-22T13-15-02,19.34744836900063,319,79911
Syllo/nvtop,Syllo/nvtop,2023-11-22T13-15-21,3.060264569001447,43,11983
symisc/sod,symisc/sod,2023-11-22T13-15-24,2.349909877004393,29,26434
sysstat/sysstat,sysstat/sysstat,2023-11-22T13-15-27,7.499984174995916,71,81921
systemd/systemd,systemd/systemd,2023-11-22T13-15-34,185.14938139700095,2455,837495
t6x/reaver-wps-fork-t6x,t6x/reaver-wps-fork-t6x,2023-11-22T13-18-39,14.580672458003392,205,76953
taf2/curb,taf2/curb,2023-11-22T13-18-54,0.6940318690030836,14,7824
tanersener/mobile-ffmpeg,tanersener/mobile-ffmpeg,2023-11-22T13-18-55,780.1948190590047,10438,4252044
taosdata/TDengine,taosdata/TDengine,2023-11-22T13-31-55,54.0992823580018,979,546397
TASEmulators/desmume,TASEmulators/desmume,2023-11-22T13-32-49,80.74059191599372,1212,429836
tboox/tbox,tboox/tbox,2023-11-22T13-34-10,113.80434929600597,1051,173558
tectonic-typesetting/tectonic,tectonic-typesetting/tectonic,2023-11-22T13-36-03,18.48082511100074,195,120332
TelegramMessenger/MTProxy,TelegramMessenger/MTProxy,2023-11-22T13-36-22,6.224471224995796,87,29672
TelegramMessenger/Telegram-iOS,TelegramMessenger/Telegram-iOS,2023-11-22T13-36-28,464.4280273719996,6876,2639755
telekom-security/tpotce,telekom-security/tpotce,2023-11-22T13-44-13,2.0359955450039706,24,8833
Tencent/TBase,Tencent/TBase,2023-11-22T13-44-15,128.9163356200006,2347,1637869
Tencent/wcdb,Tencent/wcdb,2023-11-22T13-46-24,42.99950253099814,902,541778
tezc/sc,tezc/sc,2023-11-22T13-47-07,6.248204796997015,85,22834
the-tcpdump-group/libpcap,the-tcpdump-group/libpcap,2023-11-22T13-47-13,11.638918306998676,156,82871
the-tcpdump-group/tcpdump,the-tcpdump-group/tcpdump,2023-11-22T13-47-24,30.237740752003447,251,117526
TheAlgorithms/C,TheAlgorithms/C,2023-11-22T13-47-55,26.152968747999694,428,38845
TheOfficialFloW/Adrenaline,TheOfficialFloW/Adrenaline,2023-11-22T13-48-21,11.736582666999311,177,46065
TheOfficialFloW/VitaShell,TheOfficialFloW/VitaShell,2023-11-22T13-48-33,10.862614192003091,134,40074
TheTumultuousUnicornOfDarkness/CPU-X,TheTumultuousUnicornOfDarkness/CPU-X,2023-11-22T13-48-43,2.1322188429985545,27,16856
ThusSpokeNomad/GameNetworkingResources,ThusSpokeNomad/GameNetworkingResources,2023-11-22T13-48-46,0.0527588110053329,1,10
tianocore/edk2,tianocore/edk2,2023-11-22T13-48-46,238.15848150699455,5244,2159755
tideways/php-xhprof-extension,tideways/php-xhprof-extension,2023-11-22T13-52-44,0.3978364399954444,7,1200
tizonia/tizonia-openmax-il,tizonia/tizonia-openmax-il,2023-11-22T13-52-44,28.828740105003817,517,138828
tj/luna,tj/luna,2023-11-22T13-53-13,2.5445735510002123,42,8040
tmate-io/tmate,tmate-io/tmate,2023-11-22T13-53-16,19.460940240998752,172,51757
tmk/tmk_keyboard,tmk/tmk_keyboard,2023-11-22T13-53-35,194.1845968380003,3423,1697224
tmux/tmux,tmux/tmux,2023-11-22T13-56-49,24.30038151199551,191,85956
tomojitakasu/RTKLIB,tomojitakasu/RTKLIB,2023-11-22T13-57-14,12.697866139002144,152,70353
topotam/PetitPotam,topotam/PetitPotam,2023-11-22T13-57-26,0.1963743369997246,4,3978
torvalds/linux,torvalds/linux,2023-11-22T13-57-26,3802.597061219,57407,33088398
tostercx/GTAO_Booster_PoC,tostercx/GTAO_Booster_PoC,2023-11-22T15-00-49,0.1290462489996571,1,138
toverainc/willow,toverainc/willow,2023-11-22T15-00-49,1.817521101998864,39,4441
tporadowski/redis,tporadowski/redis,2023-11-22T15-00-51,38.74055739699543,531,196716
troydhanson/uthash,troydhanson/uthash,2023-11-22T15-01-30,7.529878839995945,114,11088
TrungNguyen1909/qemu-t8030,TrungNguyen1909/qemu-t8030,2023-11-22T15-01-37,329.8697015860016,5748,2092344
TryQuiet/quiet,TryQuiet/quiet,2023-11-22T15-07-07,51.38480785499996,1060,230334
tsherif/space-shooter.c,tsherif/space-shooter.c,2023-11-22T15-07-59,2.4482453070013435,32,12717
tsl0922/ttyd,tsl0922/ttyd,2023-11-22T15-08-01,2.793451520999952,9,17407
tsoding/olive.c,tsoding/olive.c,2023-11-22T15-08-04,1.291437446998316,20,14954
TsudaKageyu/minhook,TsudaKageyu/minhook,2023-11-22T15-08-05,0.6566292169954977,13,2950
tursodatabase/libsql,tursodatabase/libsql,2023-11-22T15-08-06,43.95177705999959,433,665784
tvheadend/tvheadend,tvheadend/tvheadend,2023-11-22T15-08-50,40.49732390799909,492,210245
twitter/fatcache,twitter/fatcache,2023-11-22T15-09-30,5.002572718003648,45,10805
twitter/twemproxy,twitter/twemproxy,2023-11-22T15-09-35,5.648520408001787,54,21640
tyilo/insert_dylib,tyilo/insert_dylib,2023-11-22T15-09-41,0.104470972000854,1,558
u-boot/u-boot,u-boot/u-boot,2023-11-22T15-09-41,540.3479821570072,10355,3026166
UberGuidoZ/Flipper,UberGuidoZ/Flipper,2023-11-22T15-18-41,69.24119202900329,1221,192478
ucb-bar/chipyard,ucb-bar/chipyard,2023-11-22T15-19-51,2.1293334150104783,39,9247
ufrisk/MemProcFS,ufrisk/MemProcFS,2023-11-22T15-19-53,18.550798311000108,199,374352
ufrisk/pcileech,ufrisk/pcileech,2023-11-22T15-20-11,4.813846733988612,93,32989
umlaeute/v4l2loopback,umlaeute/v4l2loopback,2023-11-22T15-20-16,1.300486666004872,13,7817
unbit/uwsgi,unbit/uwsgi,2023-11-22T15-20-17,20.58502885699272,248,119451
unicorn-engine/unicorn,unicorn-engine/unicorn,2023-11-22T15-20-38,36.98046698101098,591,472147
unikraft/unikraft,unikraft/unikraft,2023-11-22T15-21-15,45.511818876999314,751,177033
universal-ctags/ctags,universal-ctags/ctags,2023-11-22T15-22-00,42.04537277399504,677,210406
ValdikSS/GoodbyeDPI,ValdikSS/GoodbyeDPI,2023-11-22T15-22-42,1.3302585090132195,17,3751
valinet/ExplorerPatcher,valinet/ExplorerPatcher,2023-11-22T15-22-44,3.9464027999929385,65,34227
vanhauser-thc/thc-hydra,vanhauser-thc/thc-hydra,2023-11-22T15-22-48,10.14808349800296,86,29594
vanhoefm/krackattacks-scripts,vanhoefm/krackattacks-scripts,2023-11-22T15-22-58,47.83190885798831,751,480546
varnish/hitch,varnish/hitch,2023-11-22T15-23-46,2.782170286009205,34,12611
