analysis_id,count
Stichting-MINIX-Research-Foundation/minix,47
freebsd/freebsd-src,24
linux-test-project/ltp,12
hanwckf/rt-n56u,8
emscripten-core/emscripten,8
vifm/vifm,6
pmq20/ruby-packer,5
git/git,5
mgba-emu/mgba,5
openai/retro,5
hashcat/hashcat,4
helloexp/0day,4
espressif/esp-idf,4
joncampbell123/dosbox-x,4
julius-speech/julius,4
madler/zlib,4
osmc/osmc,4
xroche/httrack,4
vk-com/kphp-kdb,4
apple/darwin-xnu,3
jonasmr/microprofile,3
tursodatabase/libsql,3
n64decomp/sm64,3
guillaumechereau/goxel,2
pawelsalawa/sqlitestudio,2
plasma-umass/coz,2
Foundry376/Mailspring,2
madler/pigz,2
nfs-ganesha/nfs-ganesha,2
minoca/os,2
sabrogden/Ditto,2
sqlite/sqlite,2
aergoio/litetree,2
TelegramMessenger/Telegram-iOS,2
surge-synthesizer/surge,2
fastos/fastsocket,2
cundong/SmartAppUpdates,2
OnionUI/Onion,2
torvalds/linux,2
audacity/audacity,2
ahrm/sioyek,2
sqlcipher/sqlcipher,2
unikraft/unikraft,2
vmware/open-vm-tools,2
xyb3rt/sxiv,1
netdata/netdata,1
xemu-project/xemu,1
winsiderss/systeminformer,1
saghul/txiki.js,1
ventoy/Ventoy,1
openzfs/zfs,1
ufrisk/MemProcFS,1
tianocore/edk2,1
tanersener/mobile-ffmpeg,1
postgres/postgres,1
nanovms/nanos,1
F-Stack/f-stack,1
mpv-player/mpv,1
emweb/wt,1
Meituan-Dianping/DBProxy,1
MiSTer-devel/Main_MiSTer,1
Qihoo360/Atlas,1
RedBeardLab/rediSQL,1
RediSearch/RediSearch,1
SamyPesse/How-to-Make-a-Computer-Operating-System,1
Tencent/wcdb,1
WizTeam/WizQTClient,1
ZipArchive/ZipArchive,1
cc65/cc65,1
checkpoint-restore/criu,1
civetweb/civetweb,1
cjdelisle/cjdns,1
fogleman/Craft,1
momotech/MLN,1
foobnix/LibreraReader,1
gentilkiwi/mimikatz,1
gpac/gpac,1
greenplum-db/gpdb,1
h2o/h2o,1
haiwen/seafile,1
jmcnamara/libxlsxwriter,1
joyent/libuv,1
lastpass/lastpass-cli,1
libfuse/libfuse,1
liuliu/ccv,1
mattrajca/sudo-touchid,1
ming1016/study,1
yugabyte/yugabyte-db,1
